[92mINFO [0m:      Starting Flower SuperLink
[93mWARNING [0m:   Option `--insecure` was set. Starting insecure HTTP server with unencrypted communication (TLS disabled). Proceed only if you understand the risks.
[93mWARNING [0m:   SuperNode authentication is disabled. The SuperLink will accept connections from any SuperNode.
[92mINFO [0m:      Flower Deployment Runtime: Starting Control API on 0.0.0.0:9093
I0929 14:24:06.477510 12089659 fork_posix.cc:71] Other threads are currently calling into gRPC, skipping fork() handlers
[92mINFO [0m:      Flower Deployment Runtime: Starting ServerAppIo API on 0.0.0.0:9091
[92mINFO [0m:      Flower Deployment Runtime: Starting Fleet API (gRPC-rere) on 0.0.0.0:9092
I0929 14:24:06.484934 12089616 fork_posix.cc:71] Other threads are currently calling into gRPC, skipping fork() handlers
I0929 14:24:06.485993 12089730 ev_poll_posix.cc:587] FD from fork parent still in poll list: fd(16, generation: 1)
I0929 14:24:06.486021 12089730 ev_poll_posix.cc:587] FD from fork parent still in poll list: fd(9, generation: 1)
I0929 14:24:06.486025 12089730 ev_poll_posix.cc:587] FD from fork parent still in poll list: fd(3, generation: 1)
I0929 14:24:06.486030 12089730 ev_poll_posix.cc:587] FD from fork parent still in poll list: fd(16, generation: 1)
I0929 14:24:06.486033 12089730 ev_poll_posix.cc:587] FD from fork parent still in poll list: fd(9, generation: 1)
I0929 14:24:06.486036 12089730 ev_poll_posix.cc:587] FD from fork parent still in poll list: fd(3, generation: 1)
I0929 14:24:06.486039 12089730 ev_poll_posix.cc:587] FD from fork parent still in poll list: fd(16, generation: 1)
I0929 14:24:06.486042 12089730 ev_poll_posix.cc:587] FD from fork parent still in poll list: fd(9, generation: 1)
I0929 14:24:06.486044 12089730 ev_poll_posix.cc:587] FD from fork parent still in poll list: fd(3, generation: 1)
I0929 14:24:06.486048 12089730 ev_poll_posix.cc:587] FD from fork parent still in poll list: fd(16, generation: 1)
I0929 14:24:06.486050 12089730 ev_poll_posix.cc:587] FD from fork parent still in poll list: fd(9, generation: 1)
I0929 14:24:06.486053 12089730 ev_poll_posix.cc:587] FD from fork parent still in poll list: fd(3, generation: 1)
I0929 14:24:06.486056 12089730 ev_poll_posix.cc:587] FD from fork parent still in poll list: fd(16, generation: 1)
I0929 14:24:06.486058 12089730 ev_poll_posix.cc:587] FD from fork parent still in poll list: fd(9, generation: 1)
I0929 14:24:06.486062 12089730 ev_poll_posix.cc:587] FD from fork parent still in poll list: fd(3, generation: 1)
I0929 14:24:06.486065 12089730 ev_poll_posix.cc:587] FD from fork parent still in poll list: fd(16, generation: 1)
I0929 14:24:06.486067 12089730 ev_poll_posix.cc:587] FD from fork parent still in poll list: fd(9, generation: 1)
I0929 14:24:06.486069 12089730 ev_poll_posix.cc:587] FD from fork parent still in poll list: fd(3, generation: 1)
I0929 14:24:06.486072 12089730 ev_poll_posix.cc:587] FD from fork parent still in poll list: fd(16, generation: 1)
I0929 14:24:06.486075 12089730 ev_poll_posix.cc:587] FD from fork parent still in poll list: fd(9, generation: 1)
I0929 14:24:06.486078 12089730 ev_poll_posix.cc:587] FD from fork parent still in poll list: fd(3, generation: 1)
I0929 14:24:06.486080 12089730 ev_poll_posix.cc:587] FD from fork parent still in poll list: fd(16, generation: 1)
I0929 14:24:06.486083 12089730 ev_poll_posix.cc:587] FD from fork parent still in poll list: fd(9, generation: 1)
I0929 14:24:06.486085 12089730 ev_poll_posix.cc:587] FD from fork parent still in poll list: fd(3, generation: 1)
I0929 14:24:06.486088 12089730 ev_poll_posix.cc:587] FD from fork parent still in poll list: fd(16, generation: 1)
I0929 14:24:06.486090 12089730 ev_poll_posix.cc:587] FD from fork parent still in poll list: fd(9, generation: 1)
I0929 14:24:06.486093 12089730 ev_poll_posix.cc:587] FD from fork parent still in poll list: fd(3, generation: 1)
I0929 14:24:06.486096 12089730 ev_poll_posix.cc:587] FD from fork parent still in poll list: fd(16, generation: 1)
I0929 14:24:06.486098 12089730 ev_poll_posix.cc:587] FD from fork parent still in poll list: fd(9, generation: 1)
I0929 14:24:06.486115 12089730 ev_poll_posix.cc:587] FD from fork parent still in poll list: fd(3, generation: 1)
I0929 14:24:06.486117 12089730 ev_poll_posix.cc:587] FD from fork parent still in poll list: fd(16, generation: 1)
I0929 14:24:06.486119 12089730 ev_poll_posix.cc:587] FD from fork parent still in poll list: fd(9, generation: 1)
I0929 14:24:06.486121 12089730 ev_poll_posix.cc:587] FD from fork parent still in poll list: fd(3, generation: 1)
I0929 14:24:06.486123 12089730 ev_poll_posix.cc:587] FD from fork parent still in poll list: fd(16, generation: 1)
I0929 14:24:06.486125 12089730 ev_poll_posix.cc:587] FD from fork parent still in poll list: fd(9, generation: 1)
I0929 14:24:06.486127 12089730 ev_poll_posix.cc:587] FD from fork parent still in poll list: fd(3, generation: 1)
I0929 14:24:06.486129 12089730 ev_poll_posix.cc:587] FD from fork parent still in poll list: fd(16, generation: 1)
I0929 14:24:06.486131 12089730 ev_poll_posix.cc:587] FD from fork parent still in poll list: fd(9, generation: 1)
I0929 14:24:06.486133 12089730 ev_poll_posix.cc:587] FD from fork parent still in poll list: fd(3, generation: 1)
I0929 14:24:06.486135 12089730 ev_poll_posix.cc:587] FD from fork parent still in poll list: fd(16, generation: 1)
I0929 14:24:06.486137 12089730 ev_poll_posix.cc:587] FD from fork parent still in poll list: fd(9, generation: 1)
I0929 14:24:06.486139 12089730 ev_poll_posix.cc:587] FD from fork parent still in poll list: fd(3, generation: 1)
I0929 14:24:06.486141 12089730 ev_poll_posix.cc:587] FD from fork parent still in poll list: fd(16, generation: 1)
I0929 14:24:06.486143 12089730 ev_poll_posix.cc:587] FD from fork parent still in poll list: fd(9, generation: 1)
I0929 14:24:06.486145 12089730 ev_poll_posix.cc:587] FD from fork parent still in poll list: fd(3, generation: 1)
I0929 14:24:06.486147 12089730 ev_poll_posix.cc:587] FD from fork parent still in poll list: fd(16, generation: 1)
I0929 14:24:06.486149 12089730 ev_poll_posix.cc:587] FD from fork parent still in poll list: fd(9, generation: 1)
I0929 14:24:06.486151 12089730 ev_poll_posix.cc:587] FD from fork parent still in poll list: fd(3, generation: 1)
I0929 14:24:06.486153 12089730 ev_poll_posix.cc:587] FD from fork parent still in poll list: fd(16, generation: 1)
I0929 14:24:06.486155 12089730 ev_poll_posix.cc:587] FD from fork parent still in poll list: fd(9, generation: 1)
I0929 14:24:06.486157 12089730 ev_poll_posix.cc:587] FD from fork parent still in poll list: fd(3, generation: 1)
I0929 14:24:06.486159 12089730 ev_poll_posix.cc:587] FD from fork parent still in poll list: fd(16, generation: 1)
I0929 14:24:06.486161 12089730 ev_poll_posix.cc:587] FD from fork parent still in poll list: fd(9, generation: 1)
I0929 14:24:06.486162 12089730 ev_poll_posix.cc:587] FD from fork parent still in poll list: fd(3, generation: 1)
I0929 14:24:06.486164 12089730 ev_poll_posix.cc:587] FD from fork parent still in poll list: fd(16, generation: 1)
I0929 14:24:06.486166 12089730 ev_poll_posix.cc:587] FD from fork parent still in poll list: fd(9, generation: 1)
I0929 14:24:06.486168 12089730 ev_poll_posix.cc:587] FD from fork parent still in poll list: fd(3, generation: 1)
I0929 14:24:06.486170 12089730 ev_poll_posix.cc:587] FD from fork parent still in poll list: fd(16, generation: 1)
I0929 14:24:06.486172 12089730 ev_poll_posix.cc:587] FD from fork parent still in poll list: fd(9, generation: 1)
I0929 14:24:06.486174 12089730 ev_poll_posix.cc:587] FD from fork parent still in poll list: fd(3, generation: 1)
I0929 14:24:06.486176 12089730 ev_poll_posix.cc:587] FD from fork parent still in poll list: fd(16, generation: 1)
I0929 14:24:06.486178 12089730 ev_poll_posix.cc:587] FD from fork parent still in poll list: fd(9, generation: 1)
I0929 14:24:06.486180 12089730 ev_poll_posix.cc:587] FD from fork parent still in poll list: fd(3, generation: 1)
I0929 14:24:06.486182 12089730 ev_poll_posix.cc:587] FD from fork parent still in poll list: fd(16, generation: 1)
I0929 14:24:06.486184 12089730 ev_poll_posix.cc:587] FD from fork parent still in poll list: fd(9, generation: 1)
I0929 14:24:06.486189 12089730 ev_poll_posix.cc:587] FD from fork parent still in poll list: fd(3, generation: 1)
I0929 14:24:06.486192 12089730 ev_poll_posix.cc:587] FD from fork parent still in poll list: fd(16, generation: 1)
I0929 14:24:06.486194 12089730 ev_poll_posix.cc:587] FD from fork parent still in poll list: fd(9, generation: 1)
I0929 14:24:06.486196 12089730 ev_poll_posix.cc:587] FD from fork parent still in poll list: fd(3, generation: 1)
I0929 14:24:06.486198 12089730 ev_poll_posix.cc:587] FD from fork parent still in poll list: fd(16, generation: 1)
I0929 14:24:06.486200 12089730 ev_poll_posix.cc:587] FD from fork parent still in poll list: fd(9, generation: 1)
I0929 14:24:06.486202 12089730 ev_poll_posix.cc:587] FD from fork parent still in poll list: fd(3, generation: 1)
I0929 14:24:06.486204 12089730 ev_poll_posix.cc:587] FD from fork parent still in poll list: fd(16, generation: 1)
I0929 14:24:06.486206 12089730 ev_poll_posix.cc:587] FD from fork parent still in poll list: fd(9, generation: 1)
I0929 14:24:06.486208 12089730 ev_poll_posix.cc:587] FD from fork parent still in poll list: fd(3, generation: 1)
I0929 14:24:06.486210 12089730 ev_poll_posix.cc:587] FD from fork parent still in poll list: fd(16, generation: 1)
I0929 14:24:06.486212 12089730 ev_poll_posix.cc:587] FD from fork parent still in poll list: fd(9, generation: 1)
I0929 14:24:06.486213 12089730 ev_poll_posix.cc:587] FD from fork parent still in poll list: fd(3, generation: 1)
I0929 14:24:06.486216 12089730 ev_poll_posix.cc:587] FD from fork parent still in poll list: fd(16, generation: 1)
I0929 14:24:06.486217 12089730 ev_poll_posix.cc:587] FD from fork parent still in poll list: fd(9, generation: 1)
I0929 14:24:06.486219 12089730 ev_poll_posix.cc:587] FD from fork parent still in poll list: fd(3, generation: 1)
I0929 14:24:06.486222 12089730 ev_poll_posix.cc:587] FD from fork parent still in poll list: fd(16, generation: 1)
I0929 14:24:06.486224 12089730 ev_poll_posix.cc:587] FD from fork parent still in poll list: fd(9, generation: 1)
I0929 14:24:06.486225 12089730 ev_poll_posix.cc:587] FD from fork parent still in poll list: fd(3, generation: 1)
I0929 14:24:06.486228 12089730 ev_poll_posix.cc:587] FD from fork parent still in poll list: fd(16, generation: 1)
I0929 14:24:06.486229 12089730 ev_poll_posix.cc:587] FD from fork parent still in poll list: fd(9, generation: 1)
I0929 14:24:06.486231 12089730 ev_poll_posix.cc:587] FD from fork parent still in poll list: fd(3, generation: 1)
I0929 14:24:06.486233 12089730 ev_poll_posix.cc:587] FD from fork parent still in poll list: fd(16, generation: 1)
I0929 14:24:06.486235 12089730 ev_poll_posix.cc:587] FD from fork parent still in poll list: fd(9, generation: 1)
I0929 14:24:06.486237 12089730 ev_poll_posix.cc:587] FD from fork parent still in poll list: fd(3, generation: 1)
I0929 14:24:06.486239 12089730 ev_poll_posix.cc:587] FD from fork parent still in poll list: fd(16, generation: 1)
I0929 14:24:06.486241 12089730 ev_poll_posix.cc:587] FD from fork parent still in poll list: fd(9, generation: 1)
I0929 14:24:06.486243 12089730 ev_poll_posix.cc:587] FD from fork parent still in poll list: fd(3, generation: 1)
I0929 14:24:06.486245 12089730 ev_poll_posix.cc:587] FD from fork parent still in poll list: fd(16, generation: 1)
I0929 14:24:06.486247 12089730 ev_poll_posix.cc:587] FD from fork parent still in poll list: fd(9, generation: 1)
I0929 14:24:06.486249 12089730 ev_poll_posix.cc:587] FD from fork parent still in poll list: fd(3, generation: 1)
I0929 14:24:06.486251 12089730 ev_poll_posix.cc:587] FD from fork parent still in poll list: fd(16, generation: 1)
I0929 14:24:06.486253 12089730 ev_poll_posix.cc:587] FD from fork parent still in poll list: fd(9, generation: 1)
I0929 14:24:06.486255 12089730 ev_poll_posix.cc:587] FD from fork parent still in poll list: fd(3, generation: 1)
I0929 14:24:06.486257 12089730 ev_poll_posix.cc:587] FD from fork parent still in poll list: fd(16, generation: 1)
I0929 14:24:06.486259 12089730 ev_poll_posix.cc:587] FD from fork parent still in poll list: fd(9, generation: 1)
I0929 14:24:06.486263 12089730 ev_poll_posix.cc:587] FD from fork parent still in poll list: fd(3, generation: 1)
I0929 14:24:06.487641 12089659 fork_posix.cc:71] Other threads are currently calling into gRPC, skipping fork() handlers
[92mINFO [0m:      Starting Flower SuperExec
[92mINFO [0m:      [Fleet.ActivateNode] Activated node_id=4154389164809950881
[92mINFO [0m:      [Fleet.ActivateNode] Activated node_id=15262126792370938338
[92mINFO [0m:      [Fleet.PullMessages] node_id=4154389164809950881
[92mINFO [0m:      [Fleet.PullMessages] node_id=15262126792370938338
[92mINFO [0m:      [Fleet.ActivateNode] Activated node_id=2434874171621193384
[92mINFO [0m:      [Fleet.ActivateNode] Activated node_id=11741127549788843760
[92mINFO [0m:      [Fleet.PullMessages] node_id=2434874171621193384
[92mINFO [0m:      [Fleet.PullMessages] node_id=11741127549788843760
[92mINFO [0m:      [Fleet.PullMessages] node_id=4154389164809950881
[92mINFO [0m:      [Fleet.PullMessages] node_id=15262126792370938338
[92mINFO [0m:      [Fleet.PullMessages] node_id=2434874171621193384
[92mINFO [0m:      [Fleet.PullMessages] node_id=11741127549788843760
[92mINFO [0m:      [Fleet.PullMessages] node_id=4154389164809950881
[92mINFO [0m:      [Fleet.PullMessages] node_id=15262126792370938338
[92mINFO [0m:      [Fleet.PullMessages] node_id=11741127549788843760
[92mINFO [0m:      [Fleet.PullMessages] node_id=2434874171621193384
[92mINFO [0m:      [Fleet.PullMessages] node_id=4154389164809950881
[92mINFO [0m:      [Fleet.PullMessages] node_id=15262126792370938338
[92mINFO [0m:      [Fleet.PullMessages] node_id=11741127549788843760
[92mINFO [0m:      [Fleet.PullMessages] node_id=2434874171621193384
[92mINFO [0m:      ControlServicer.StartRun
[92mINFO [0m:      Created serverapp run 15511954915919828759
[92mINFO [0m:      ControlServicer.StreamLogs
[92mINFO [0m:      Started task 16796593983984047110 of run 15511954915919828759
[92mINFO [0m:      [Fleet.PullMessages] node_id=15262126792370938338
[92mINFO [0m:      [Fleet.PullMessages] node_id=4154389164809950881
[92mINFO [0m:      [Fleet.PullMessages] node_id=11741127549788843760
[92mINFO [0m:      [Fleet.PullMessages] node_id=2434874171621193384
[92mINFO [0m:      [Fleet.PullMessages] node_id=11741127549788843760
[92mINFO [0m:      [Fleet.PullMessages] node_id=15262126792370938338
[92mINFO [0m:      [Fleet.PullMessages] node_id=4154389164809950881
[92mINFO [0m:      [Fleet.PullMessages] node_id=2434874171621193384
[92mINFO [0m:      [Fleet.GetRun] Requesting `Run` for run_id=15511954915919828759
[92mINFO [0m:      [Fleet.GetRun] Requesting `Run` for run_id=15511954915919828759
[92mINFO [0m:      [Fleet.GetRun] Requesting `Run` for run_id=15511954915919828759
[92mINFO [0m:      [Fleet.GetRun] Requesting `Run` for run_id=15511954915919828759
[92mINFO [0m:      [Fleet.GetFab] Requesting FAB for fab_hash=6e9fe10ddf7ed2bb89b004f1f4ffa347bcb31e4f14961940f8ea61424f445a96
[92mINFO [0m:      [Fleet.GetFab] Requesting FAB for fab_hash=6e9fe10ddf7ed2bb89b004f1f4ffa347bcb31e4f14961940f8ea61424f445a96
[92mINFO [0m:      [Fleet.GetFab] Requesting FAB for fab_hash=6e9fe10ddf7ed2bb89b004f1f4ffa347bcb31e4f14961940f8ea61424f445a96
[92mINFO [0m:      [Fleet.GetFab] Requesting FAB for fab_hash=6e9fe10ddf7ed2bb89b004f1f4ffa347bcb31e4f14961940f8ea61424f445a96
[92mINFO [0m:      [Fleet.PushMessages] Push replies from node_id=15262126792370938338
[92mINFO [0m:      [Fleet.PushMessages] Push replies from node_id=2434874171621193384
[92mINFO [0m:      [Fleet.PushMessages] Push replies from node_id=4154389164809950881
[92mINFO [0m:      [Fleet.PullMessages] node_id=4154389164809950881
[92mINFO [0m:      [Fleet.PullMessages] node_id=2434874171621193384
[92mINFO [0m:      [Fleet.PullMessages] node_id=15262126792370938338
[92mINFO [0m:      [Fleet.PushMessages] Push replies from node_id=11741127549788843760
[92mINFO [0m:      [Fleet.PullMessages] node_id=11741127549788843760
[92mINFO [0m:      [Fleet.PullMessages] node_id=4154389164809950881
[92mINFO [0m:      [Fleet.PullMessages] node_id=2434874171621193384
[92mINFO [0m:      [Fleet.PullMessages] node_id=15262126792370938338
[92mINFO [0m:      [Fleet.PullMessages] node_id=11741127549788843760
[92mINFO [0m:      [Fleet.PushMessages] Push replies from node_id=4154389164809950881
[92mINFO [0m:      [Fleet.PushMessages] Push replies from node_id=2434874171621193384
[92mINFO [0m:      [Fleet.PushMessages] Push replies from node_id=15262126792370938338
[92mINFO [0m:      [Fleet.PullMessages] node_id=4154389164809950881
[92mINFO [0m:      [Fleet.PullMessages] node_id=2434874171621193384
[92mINFO [0m:      [Fleet.PullMessages] node_id=15262126792370938338
[92mINFO [0m:      [Fleet.PushMessages] Push replies from node_id=11741127549788843760
[92mINFO [0m:      [Fleet.PullMessages] node_id=11741127549788843760
[92mINFO [0m:      [Fleet.PullMessages] node_id=2434874171621193384
[92mINFO [0m:      [Fleet.PullMessages] node_id=15262126792370938338
[92mINFO [0m:      [Fleet.PullMessages] node_id=4154389164809950881
[92mINFO [0m:      [Fleet.PullMessages] node_id=11741127549788843760
[92mINFO [0m:      [Fleet.PushMessages] Push replies from node_id=2434874171621193384
[92mINFO [0m:      [Fleet.PushMessages] Push replies from node_id=4154389164809950881
[92mINFO [0m:      [Fleet.PushMessages] Push replies from node_id=15262126792370938338
[92mINFO [0m:      [Fleet.PullMessages] node_id=15262126792370938338
[92mINFO [0m:      [Fleet.PullMessages] node_id=2434874171621193384
[92mINFO [0m:      [Fleet.PullMessages] node_id=4154389164809950881
[92mINFO [0m:      [Fleet.PushMessages] Push replies from node_id=11741127549788843760
[92mINFO [0m:      [Fleet.PullMessages] node_id=11741127549788843760
[92mINFO [0m:      [Fleet.PullMessages] node_id=15262126792370938338
[92mINFO [0m:      [Fleet.PullMessages] node_id=4154389164809950881
[92mINFO [0m:      [Fleet.PullMessages] node_id=2434874171621193384
[92mINFO [0m:      [Fleet.PullMessages] node_id=11741127549788843760
[92mINFO [0m:      [Fleet.PushMessages] Push replies from node_id=4154389164809950881
[92mINFO [0m:      [Fleet.PullMessages] node_id=4154389164809950881
[92mINFO [0m:      [Fleet.PushMessages] Push replies from node_id=15262126792370938338
[92mINFO [0m:      [Fleet.PushMessages] Push replies from node_id=2434874171621193384
[92mINFO [0m:      [Fleet.PullMessages] node_id=15262126792370938338
[92mINFO [0m:      [Fleet.PullMessages] node_id=2434874171621193384
[92mINFO [0m:      [Fleet.PushMessages] Push replies from node_id=11741127549788843760
[92mINFO [0m:      [Fleet.PullMessages] node_id=11741127549788843760
[92mINFO [0m:      [Fleet.PullMessages] node_id=4154389164809950881
[92mINFO [0m:      [Fleet.PullMessages] node_id=15262126792370938338
[92mINFO [0m:      [Fleet.PullMessages] node_id=2434874171621193384
[92mINFO [0m:      [Fleet.PullMessages] node_id=11741127549788843760
[92mINFO [0m:      [Fleet.PushMessages] Push replies from node_id=4154389164809950881
[92mINFO [0m:      [Fleet.PullMessages] node_id=4154389164809950881
[92mINFO [0m:      [Fleet.PushMessages] Push replies from node_id=15262126792370938338
[92mINFO [0m:      [Fleet.PushMessages] Push replies from node_id=2434874171621193384
[92mINFO [0m:      [Fleet.PullMessages] node_id=15262126792370938338
[92mINFO [0m:      [Fleet.PullMessages] node_id=2434874171621193384
[92mINFO [0m:      [Fleet.PushMessages] Push replies from node_id=11741127549788843760
[92mINFO [0m:      [Fleet.PullMessages] node_id=11741127549788843760
[92mINFO [0m:      [Fleet.PullMessages] node_id=4154389164809950881
[92mINFO [0m:      [Fleet.PullMessages] node_id=15262126792370938338
[92mINFO [0m:      [Fleet.PullMessages] node_id=2434874171621193384
[92mINFO [0m:      [Fleet.PullMessages] node_id=11741127549788843760
[92mINFO [0m:      [Fleet.PullMessages] node_id=4154389164809950881
[92mINFO [0m:      [Fleet.PushMessages] Push replies from node_id=2434874171621193384
[92mINFO [0m:      [Fleet.PushMessages] Push replies from node_id=15262126792370938338
[92mINFO [0m:      [Fleet.PullMessages] node_id=2434874171621193384
[92mINFO [0m:      [Fleet.PullMessages] node_id=15262126792370938338
[92mINFO [0m:      [Fleet.PushMessages] Push replies from node_id=4154389164809950881
[92mINFO [0m:      [Fleet.PullMessages] node_id=4154389164809950881
[92mINFO [0m:      [Fleet.PushMessages] Push replies from node_id=11741127549788843760
[92mINFO [0m:      [Fleet.PullMessages] node_id=11741127549788843760
[92mINFO [0m:      [Fleet.PullMessages] node_id=2434874171621193384
[92mINFO [0m:      [Fleet.PullMessages] node_id=15262126792370938338
[92mINFO [0m:      [Fleet.PullMessages] node_id=4154389164809950881
[92mINFO [0m:      [Fleet.PullMessages] node_id=11741127549788843760
[92mINFO [0m:      [Fleet.PushMessages] Push replies from node_id=4154389164809950881
[92mINFO [0m:      [Fleet.PullMessages] node_id=4154389164809950881
[92mINFO [0m:      [Fleet.PushMessages] Push replies from node_id=2434874171621193384
[92mINFO [0m:      [Fleet.PushMessages] Push replies from node_id=15262126792370938338
[92mINFO [0m:      [Fleet.PullMessages] node_id=2434874171621193384
[92mINFO [0m:      [Fleet.PullMessages] node_id=15262126792370938338
[92mINFO [0m:      [Fleet.PushMessages] Push replies from node_id=11741127549788843760
[92mINFO [0m:      [Fleet.PullMessages] node_id=11741127549788843760
[92mINFO [0m:      [Fleet.PullMessages] node_id=4154389164809950881
[92mINFO [0m:      [Fleet.PullMessages] node_id=2434874171621193384
[92mINFO [0m:      [Fleet.PullMessages] node_id=15262126792370938338
[92mINFO [0m:      [Fleet.PullMessages] node_id=11741127549788843760
[92mINFO [0m:      [Fleet.PushMessages] Push replies from node_id=4154389164809950881
[92mINFO [0m:      [Fleet.PullMessages] node_id=4154389164809950881
[92mINFO [0m:      [Fleet.PushMessages] Push replies from node_id=2434874171621193384
[92mINFO [0m:      [Fleet.PushMessages] Push replies from node_id=15262126792370938338
[92mINFO [0m:      [Fleet.PullMessages] node_id=2434874171621193384
[92mINFO [0m:      [Fleet.PullMessages] node_id=15262126792370938338
[92mINFO [0m:      [Fleet.ActivateNode] Activated node_id=11151773304009384953
[92mINFO [0m:      [Fleet.PullMessages] node_id=11151773304009384953
[92mINFO [0m:      [Fleet.PushMessages] Push replies from node_id=11741127549788843760
[92mINFO [0m:      [Fleet.PullMessages] node_id=11741127549788843760
[92mINFO [0m:      [Fleet.PullMessages] node_id=4154389164809950881
[92mINFO [0m:      [Fleet.PullMessages] node_id=2434874171621193384
[92mINFO [0m:      [Fleet.PullMessages] node_id=15262126792370938338
[92mINFO [0m:      [Fleet.PullMessages] node_id=11151773304009384953
[92mINFO [0m:      [Fleet.GetRun] Requesting `Run` for run_id=15511954915919828759
[92mINFO [0m:      [Fleet.GetFab] Requesting FAB for fab_hash=6e9fe10ddf7ed2bb89b004f1f4ffa347bcb31e4f14961940f8ea61424f445a96
[92mINFO [0m:      [Fleet.PullMessages] node_id=11741127549788843760
[92mINFO [0m:      [Fleet.PushMessages] Push replies from node_id=4154389164809950881
[92mINFO [0m:      [Fleet.PullMessages] node_id=4154389164809950881
[92mINFO [0m:      [Fleet.PushMessages] Push replies from node_id=15262126792370938338
[92mINFO [0m:      [Fleet.PushMessages] Push replies from node_id=2434874171621193384
[92mINFO [0m:      [Fleet.PullMessages] node_id=15262126792370938338
[92mINFO [0m:      [Fleet.PullMessages] node_id=2434874171621193384
[92mINFO [0m:      [Fleet.PushMessages] Push replies from node_id=11741127549788843760
[92mINFO [0m:      [Fleet.PullMessages] node_id=11741127549788843760
[92mINFO [0m:      [Fleet.PushMessages] Push replies from node_id=11151773304009384953
[92mINFO [0m:      [Fleet.PullMessages] node_id=11151773304009384953
[92mINFO [0m:      [Fleet.PullMessages] node_id=4154389164809950881
[92mINFO [0m:      [Fleet.PullMessages] node_id=15262126792370938338
[92mINFO [0m:      [Fleet.PullMessages] node_id=2434874171621193384
[92mINFO [0m:      ControlServicer.StreamLogs
[92mINFO [0m:      [Fleet.PullMessages] node_id=11741127549788843760
[92mINFO [0m:      [Fleet.PullMessages] node_id=11151773304009384953
[92mINFO [0m:      [Fleet.PullMessages] node_id=4154389164809950881
[92mINFO [0m:      [Fleet.PullMessages] node_id=2434874171621193384
[92mINFO [0m:      [Fleet.PullMessages] node_id=15262126792370938338
[92mINFO [0m:      [Fleet.PullMessages] node_id=11741127549788843760
[92mINFO [0m:      [Fleet.PushMessages] Push replies from node_id=4154389164809950881
[92mINFO [0m:      [Fleet.PullMessages] node_id=4154389164809950881
[92mINFO [0m:      [Fleet.PushMessages] Push replies from node_id=15262126792370938338
[92mINFO [0m:      [Fleet.PushMessages] Push replies from node_id=2434874171621193384
[92mINFO [0m:      [Fleet.PullMessages] node_id=15262126792370938338
[92mINFO [0m:      [Fleet.PullMessages] node_id=2434874171621193384
[92mINFO [0m:      [Fleet.PushMessages] Push replies from node_id=11151773304009384953
[92mINFO [0m:      [Fleet.PullMessages] node_id=11151773304009384953
[92mINFO [0m:      [Fleet.PushMessages] Push replies from node_id=11741127549788843760
[92mINFO [0m:      [Fleet.PullMessages] node_id=11741127549788843760
[92mINFO [0m:      [Fleet.PullMessages] node_id=4154389164809950881
[92mINFO [0m:      [Fleet.PullMessages] node_id=15262126792370938338
[92mINFO [0m:      [Fleet.PullMessages] node_id=2434874171621193384
[92mINFO [0m:      [Fleet.PullMessages] node_id=11151773304009384953
[92mINFO [0m:      [Fleet.PullMessages] node_id=11741127549788843760
[92mINFO [0m:      [Fleet.PushMessages] Push replies from node_id=4154389164809950881
[92mINFO [0m:      [Fleet.PullMessages] node_id=4154389164809950881
[92mINFO [0m:      [Fleet.PushMessages] Push replies from node_id=11151773304009384953
[92mINFO [0m:      [Fleet.PullMessages] node_id=11151773304009384953
[92mINFO [0m:      [Fleet.PushMessages] Push replies from node_id=2434874171621193384
[92mINFO [0m:      [Fleet.PushMessages] Push replies from node_id=15262126792370938338
[92mINFO [0m:      [Fleet.PullMessages] node_id=2434874171621193384
[92mINFO [0m:      [Fleet.PullMessages] node_id=15262126792370938338
[92mINFO [0m:      [Fleet.PushMessages] Push replies from node_id=11741127549788843760
[92mINFO [0m:      [Fleet.PullMessages] node_id=11741127549788843760
[92mINFO [0m:      [Fleet.PullMessages] node_id=4154389164809950881
[92mINFO [0m:      [Fleet.PullMessages] node_id=11151773304009384953
[92mINFO [0m:      [Fleet.PullMessages] node_id=15262126792370938338
[92mINFO [0m:      [Fleet.PullMessages] node_id=2434874171621193384
[92mINFO [0m:      [Fleet.PullMessages] node_id=11741127549788843760
[92mINFO [0m:      [Fleet.PushMessages] Push replies from node_id=4154389164809950881
[92mINFO [0m:      [Fleet.PullMessages] node_id=4154389164809950881
[92mINFO [0m:      [Fleet.PushMessages] Push replies from node_id=2434874171621193384
[92mINFO [0m:      [Fleet.PushMessages] Push replies from node_id=15262126792370938338
[92mINFO [0m:      [Fleet.PullMessages] node_id=2434874171621193384
[92mINFO [0m:      [Fleet.PullMessages] node_id=15262126792370938338
[92mINFO [0m:      [Fleet.PushMessages] Push replies from node_id=11151773304009384953
[92mINFO [0m:      [Fleet.PullMessages] node_id=11151773304009384953
[92mINFO [0m:      [Fleet.PushMessages] Push replies from node_id=11741127549788843760
[92mINFO [0m:      [Fleet.PullMessages] node_id=11741127549788843760
[92mINFO [0m:      [Fleet.PullMessages] node_id=4154389164809950881
[92mINFO [0m:      [Fleet.PullMessages] node_id=2434874171621193384
[92mINFO [0m:      [Fleet.PullMessages] node_id=15262126792370938338
[92mINFO [0m:      [Fleet.PullMessages] node_id=11151773304009384953
[92mINFO [0m:      [Fleet.PullMessages] node_id=11741127549788843760
[92mINFO [0m:      [Fleet.PushMessages] Push replies from node_id=4154389164809950881
[92mINFO [0m:      [Fleet.PullMessages] node_id=4154389164809950881
[92mINFO [0m:      [Fleet.PushMessages] Push replies from node_id=2434874171621193384
[92mINFO [0m:      [Fleet.PushMessages] Push replies from node_id=15262126792370938338
[92mINFO [0m:      [Fleet.PullMessages] node_id=2434874171621193384
[92mINFO [0m:      [Fleet.PullMessages] node_id=15262126792370938338
[92mINFO [0m:      [Fleet.PushMessages] Push replies from node_id=11151773304009384953
[92mINFO [0m:      [Fleet.PullMessages] node_id=11151773304009384953
[92mINFO [0m:      [Fleet.PushMessages] Push replies from node_id=11741127549788843760
[92mINFO [0m:      [Fleet.PullMessages] node_id=11741127549788843760
[92mINFO [0m:      [Fleet.PullMessages] node_id=4154389164809950881
[92mINFO [0m:      [Fleet.PullMessages] node_id=2434874171621193384
[92mINFO [0m:      [Fleet.PullMessages] node_id=15262126792370938338
[92mINFO [0m:      [Fleet.PullMessages] node_id=11151773304009384953
[92mINFO [0m:      [Fleet.PullMessages] node_id=11741127549788843760
[92mINFO [0m:      [Fleet.PullMessages] node_id=4154389164809950881
[92mINFO [0m:      [Fleet.PullMessages] node_id=2434874171621193384
[92mINFO [0m:      [Fleet.PullMessages] node_id=15262126792370938338
[92mINFO [0m:      [Fleet.PullMessages] node_id=11151773304009384953
[92mINFO [0m:      [Fleet.PushMessages] Push replies from node_id=11741127549788843760
[92mINFO [0m:      [Fleet.PullMessages] node_id=11741127549788843760
[92mINFO [0m:      [Fleet.PushMessages] Push replies from node_id=4154389164809950881
[92mINFO [0m:      [Fleet.PullMessages] node_id=4154389164809950881
[92mINFO [0m:      [Fleet.PushMessages] Push replies from node_id=2434874171621193384
[92mINFO [0m:      [Fleet.PullMessages] node_id=2434874171621193384
[92mINFO [0m:      [Fleet.PushMessages] Push replies from node_id=15262126792370938338
[92mINFO [0m:      [Fleet.PullMessages] node_id=15262126792370938338
[92mINFO [0m:      [Fleet.PushMessages] Push replies from node_id=11151773304009384953
[92mINFO [0m:      [Fleet.PullMessages] node_id=11151773304009384953
[92mINFO [0m:      [Fleet.PullMessages] node_id=11741127549788843760
[92mINFO [0m:      [Fleet.PullMessages] node_id=4154389164809950881
[92mINFO [0m:      [Fleet.PullMessages] node_id=2434874171621193384
[92mINFO [0m:      [Fleet.PullMessages] node_id=15262126792370938338
[92mINFO [0m:      [Fleet.PullMessages] node_id=11151773304009384953
[92mINFO [0m:      [Fleet.PushMessages] Push replies from node_id=4154389164809950881
[92mINFO [0m:      [Fleet.PullMessages] node_id=4154389164809950881
[92mINFO [0m:      [Fleet.PushMessages] Push replies from node_id=2434874171621193384
[92mINFO [0m:      [Fleet.PullMessages] node_id=2434874171621193384
[92mINFO [0m:      [Fleet.PushMessages] Push replies from node_id=15262126792370938338
[92mINFO [0m:      [Fleet.PullMessages] node_id=15262126792370938338
[92mINFO [0m:      [Fleet.PushMessages] Push replies from node_id=11151773304009384953
[92mINFO [0m:      [Fleet.PullMessages] node_id=11151773304009384953
[92mINFO [0m:      [Fleet.PushMessages] Push replies from node_id=11741127549788843760
[92mINFO [0m:      [Fleet.PullMessages] node_id=11741127549788843760
[92mINFO [0m:      [Fleet.PullMessages] node_id=4154389164809950881
[92mINFO [0m:      [Fleet.PullMessages] node_id=2434874171621193384
[92mINFO [0m:      [Fleet.PullMessages] node_id=15262126792370938338
[92mINFO [0m:      [Fleet.PullMessages] node_id=11151773304009384953
[92mINFO [0m:      [Fleet.PullMessages] node_id=11741127549788843760
[92mINFO [0m:      [Fleet.PushMessages] Push replies from node_id=2434874171621193384
[92mINFO [0m:      [Fleet.PullMessages] node_id=2434874171621193384
[92mINFO [0m:      [Fleet.PushMessages] Push replies from node_id=4154389164809950881
[92mINFO [0m:      [Fleet.PullMessages] node_id=4154389164809950881
[92mINFO [0m:      [Fleet.PushMessages] Push replies from node_id=15262126792370938338
[92mINFO [0m:      [Fleet.PullMessages] node_id=15262126792370938338
[92mINFO [0m:      [Fleet.PushMessages] Push replies from node_id=11741127549788843760
[92mINFO [0m:      [Fleet.PullMessages] node_id=11741127549788843760
[92mINFO [0m:      [Fleet.PullMessages] node_id=2434874171621193384
[92mINFO [0m:      [Fleet.PullMessages] node_id=4154389164809950881
[92mINFO [0m:      [Fleet.PullMessages] node_id=15262126792370938338
[92mINFO [0m:      [Fleet.PullMessages] node_id=11741127549788843760
[92mINFO [0m:      [Fleet.PullMessages] node_id=2434874171621193384
[92mINFO [0m:      [Fleet.PullMessages] node_id=4154389164809950881
[92mINFO [0m:      [Fleet.PullMessages] node_id=15262126792370938338
[92mINFO [0m:      [Fleet.PullMessages] node_id=11741127549788843760
[92mINFO [0m:      [Fleet.PullMessages] node_id=2434874171621193384
[92mINFO [0m:      [Fleet.PullMessages] node_id=4154389164809950881
[92mINFO [0m:      [Fleet.PullMessages] node_id=15262126792370938338
[92mINFO [0m:      [Fleet.PullMessages] node_id=11741127549788843760
[92mINFO [0m:      ControlServicer.StreamLogs
[92mINFO [0m:      [Fleet.PullMessages] node_id=2434874171621193384
[92mINFO [0m:      [Fleet.PullMessages] node_id=4154389164809950881
[92mINFO [0m:      [Fleet.PullMessages] node_id=15262126792370938338
[92mINFO [0m:      [Fleet.PullMessages] node_id=11741127549788843760
[92mINFO [0m:      [Fleet.PullMessages] node_id=2434874171621193384
[92mINFO [0m:      [Fleet.PullMessages] node_id=4154389164809950881
[92mINFO [0m:      [Fleet.PullMessages] node_id=15262126792370938338
[92mINFO [0m:      [Fleet.PullMessages] node_id=11741127549788843760
[92mINFO [0m:      [Fleet.PullMessages] node_id=2434874171621193384
[92mINFO [0m:      [Fleet.PullMessages] node_id=4154389164809950881
[92mINFO [0m:      [Fleet.PullMessages] node_id=15262126792370938338
[92mINFO [0m:      [Fleet.PullMessages] node_id=11741127549788843760
[92mINFO [0m:      [Fleet.PullMessages] node_id=2434874171621193384
[92mINFO [0m:      [Fleet.PullMessages] node_id=4154389164809950881
[92mINFO [0m:      [Fleet.PullMessages] node_id=15262126792370938338
[92mINFO [0m:      [Fleet.PullMessages] node_id=11741127549788843760
[92mINFO [0m:      [Fleet.PullMessages] node_id=2434874171621193384
[92mINFO [0m:      [Fleet.PullMessages] node_id=4154389164809950881
[92mINFO [0m:      [Fleet.PullMessages] node_id=15262126792370938338
[92mINFO [0m:      [Fleet.PullMessages] node_id=11741127549788843760
[92mINFO [0m:      [Fleet.PullMessages] node_id=2434874171621193384
[92mINFO [0m:      [Fleet.PullMessages] node_id=4154389164809950881
[92mINFO [0m:      [Fleet.PullMessages] node_id=15262126792370938338
[92mINFO [0m:      [Fleet.PullMessages] node_id=11741127549788843760
[92mINFO [0m:      [Fleet.PullMessages] node_id=2434874171621193384
[92mINFO [0m:      [Fleet.PullMessages] node_id=4154389164809950881
[92mINFO [0m:      [Fleet.PullMessages] node_id=15262126792370938338
[92mINFO [0m:      [Fleet.PullMessages] node_id=11741127549788843760
[92mINFO [0m:      [Fleet.PullMessages] node_id=2434874171621193384
[92mINFO [0m:      [Fleet.PullMessages] node_id=4154389164809950881
[92mINFO [0m:      [Fleet.PullMessages] node_id=15262126792370938338
[92mINFO [0m:      [Fleet.PullMessages] node_id=11741127549788843760
[92mINFO [0m:      [Fleet.PullMessages] node_id=2434874171621193384
[92mINFO [0m:      [Fleet.PullMessages] node_id=4154389164809950881
[92mINFO [0m:      [Fleet.PullMessages] node_id=15262126792370938338
[92mINFO [0m:      [Fleet.PullMessages] node_id=11741127549788843760
[92mINFO [0m:      [Fleet.PullMessages] node_id=2434874171621193384
[92mINFO [0m:      [Fleet.PullMessages] node_id=4154389164809950881
[92mINFO [0m:      [Fleet.PullMessages] node_id=15262126792370938338
[92mINFO [0m:      [Fleet.PullMessages] node_id=11741127549788843760
[92mINFO [0m:      [Fleet.PullMessages] node_id=2434874171621193384
[92mINFO [0m:      [Fleet.PullMessages] node_id=4154389164809950881
[92mINFO [0m:      [Fleet.PullMessages] node_id=15262126792370938338
[92mINFO [0m:      [Fleet.PullMessages] node_id=11741127549788843760
[92mINFO [0m:      [Fleet.PullMessages] node_id=2434874171621193384
[92mINFO [0m:      [Fleet.PullMessages] node_id=4154389164809950881
[92mINFO [0m:      [Fleet.PullMessages] node_id=15262126792370938338
[92mINFO [0m:      [Fleet.PullMessages] node_id=11741127549788843760
[92mINFO [0m:      [Fleet.PullMessages] node_id=2434874171621193384
[92mINFO [0m:      [Fleet.PullMessages] node_id=4154389164809950881
[92mINFO [0m:      [Fleet.PullMessages] node_id=15262126792370938338
[92mINFO [0m:      [Fleet.PullMessages] node_id=11741127549788843760
[92mINFO [0m:      [Fleet.PullMessages] node_id=2434874171621193384
[92mINFO [0m:      [Fleet.PullMessages] node_id=4154389164809950881
[92mINFO [0m:      [Fleet.PullMessages] node_id=15262126792370938338
[92mINFO [0m:      [Fleet.PullMessages] node_id=11741127549788843760
[92mINFO [0m:      [Fleet.PullMessages] node_id=2434874171621193384
[92mINFO [0m:      [Fleet.PullMessages] node_id=4154389164809950881
[92mINFO [0m:      [Fleet.PullMessages] node_id=15262126792370938338
[92mINFO [0m:      [Fleet.PullMessages] node_id=11741127549788843760
[92mINFO [0m:      [Fleet.PullMessages] node_id=2434874171621193384
[92mINFO [0m:      [Fleet.PullMessages] node_id=4154389164809950881
[92mINFO [0m:      [Fleet.PullMessages] node_id=15262126792370938338
[92mINFO [0m:      [Fleet.PullMessages] node_id=11741127549788843760
[92mINFO [0m:      [Fleet.PullMessages] node_id=2434874171621193384
[92mINFO [0m:      [Fleet.PullMessages] node_id=4154389164809950881
[92mINFO [0m:      [Fleet.PullMessages] node_id=15262126792370938338
[92mINFO [0m:      [Fleet.PullMessages] node_id=11741127549788843760
[92mINFO [0m:      [Fleet.PullMessages] node_id=2434874171621193384
[92mINFO [0m:      [Fleet.PullMessages] node_id=4154389164809950881
[92mINFO [0m:      [Fleet.PullMessages] node_id=15262126792370938338
[92mINFO [0m:      [Fleet.PullMessages] node_id=11741127549788843760
[92mINFO [0m:      [Fleet.PullMessages] node_id=2434874171621193384
[92mINFO [0m:      [Fleet.PullMessages] node_id=4154389164809950881
[92mINFO [0m:      [Fleet.PullMessages] node_id=15262126792370938338
[92mINFO [0m:      [Fleet.PullMessages] node_id=11741127549788843760
[92mINFO [0m:      [Fleet.PullMessages] node_id=2434874171621193384
[92mINFO [0m:      [Fleet.PullMessages] node_id=4154389164809950881
[92mINFO [0m:      [Fleet.PullMessages] node_id=15262126792370938338
[92mINFO [0m:      [Fleet.PullMessages] node_id=11741127549788843760
[92mINFO [0m:      ControlServicer.StreamLogs
[92mINFO [0m:      [Fleet.PullMessages] node_id=2434874171621193384
[92mINFO [0m:      [Fleet.PullMessages] node_id=4154389164809950881
[92mINFO [0m:      [Fleet.PullMessages] node_id=15262126792370938338
[92mINFO [0m:      [Fleet.PullMessages] node_id=11741127549788843760
[92mINFO [0m:      [Fleet.PullMessages] node_id=2434874171621193384
[92mINFO [0m:      [Fleet.PullMessages] node_id=4154389164809950881
[92mINFO [0m:      [Fleet.PullMessages] node_id=15262126792370938338
[92mINFO [0m:      [Fleet.PullMessages] node_id=11741127549788843760
[92mINFO [0m:      [Fleet.PullMessages] node_id=2434874171621193384
[92mINFO [0m:      [Fleet.PullMessages] node_id=4154389164809950881
[92mINFO [0m:      [Fleet.PullMessages] node_id=15262126792370938338
[92mINFO [0m:      [Fleet.PullMessages] node_id=11741127549788843760
[92mINFO [0m:      [Fleet.PullMessages] node_id=2434874171621193384
[92mINFO [0m:      [Fleet.PullMessages] node_id=4154389164809950881
[92mINFO [0m:      [Fleet.PullMessages] node_id=15262126792370938338
[92mINFO [0m:      [Fleet.PullMessages] node_id=11741127549788843760
[92mINFO [0m:      [Fleet.PullMessages] node_id=2434874171621193384
[92mINFO [0m:      [Fleet.PullMessages] node_id=4154389164809950881
[92mINFO [0m:      [Fleet.PullMessages] node_id=15262126792370938338
[92mINFO [0m:      [Fleet.PullMessages] node_id=11741127549788843760
[92mINFO [0m:      [Fleet.PullMessages] node_id=2434874171621193384
[92mINFO [0m:      [Fleet.PullMessages] node_id=4154389164809950881
[92mINFO [0m:      [Fleet.PullMessages] node_id=15262126792370938338
[92mINFO [0m:      [Fleet.PullMessages] node_id=11741127549788843760
[92mINFO [0m:      [Fleet.PullMessages] node_id=2434874171621193384
[92mINFO [0m:      [Fleet.PullMessages] node_id=4154389164809950881
[92mINFO [0m:      [Fleet.PullMessages] node_id=15262126792370938338
[92mINFO [0m:      [Fleet.PullMessages] node_id=11741127549788843760
[92mINFO [0m:      [Fleet.PullMessages] node_id=2434874171621193384
[92mINFO [0m:      [Fleet.PullMessages] node_id=4154389164809950881
[92mINFO [0m:      [Fleet.PullMessages] node_id=15262126792370938338
[92mINFO [0m:      [Fleet.PullMessages] node_id=11741127549788843760
[92mINFO [0m:      [Fleet.PullMessages] node_id=2434874171621193384
[92mINFO [0m:      [Fleet.PullMessages] node_id=4154389164809950881
[92mINFO [0m:      [Fleet.PullMessages] node_id=15262126792370938338
[92mINFO [0m:      [Fleet.PullMessages] node_id=11741127549788843760
[92mINFO [0m:      [Fleet.PullMessages] node_id=2434874171621193384
[92mINFO [0m:      [Fleet.PullMessages] node_id=4154389164809950881
[92mINFO [0m:      [Fleet.PullMessages] node_id=15262126792370938338
[92mINFO [0m:      [Fleet.PullMessages] node_id=11741127549788843760
[92mINFO [0m:      [Fleet.PullMessages] node_id=2434874171621193384
[92mINFO [0m:      [Fleet.PullMessages] node_id=4154389164809950881
[92mINFO [0m:      [Fleet.PullMessages] node_id=15262126792370938338
[92mINFO [0m:      [Fleet.PullMessages] node_id=11741127549788843760
[92mINFO [0m:      [Fleet.PullMessages] node_id=2434874171621193384
[92mINFO [0m:      [Fleet.PullMessages] node_id=4154389164809950881
[92mINFO [0m:      [Fleet.PullMessages] node_id=15262126792370938338
[92mINFO [0m:      [Fleet.PullMessages] node_id=11741127549788843760
[92mINFO [0m:      [Fleet.PullMessages] node_id=2434874171621193384
[92mINFO [0m:      [Fleet.PullMessages] node_id=4154389164809950881
[92mINFO [0m:      [Fleet.PullMessages] node_id=15262126792370938338
[92mINFO [0m:      [Fleet.PullMessages] node_id=11741127549788843760
[92mINFO [0m:      [Fleet.PullMessages] node_id=2434874171621193384
[92mINFO [0m:      [Fleet.PullMessages] node_id=4154389164809950881
[92mINFO [0m:      [Fleet.PullMessages] node_id=15262126792370938338
[92mINFO [0m:      [Fleet.PullMessages] node_id=11741127549788843760
[92mINFO [0m:      [Fleet.PullMessages] node_id=2434874171621193384
[92mINFO [0m:      [Fleet.PullMessages] node_id=4154389164809950881
[92mINFO [0m:      [Fleet.PullMessages] node_id=15262126792370938338
[92mINFO [0m:      [Fleet.PullMessages] node_id=11741127549788843760
[92mINFO [0m:      [Fleet.PullMessages] node_id=2434874171621193384
[92mINFO [0m:      [Fleet.PullMessages] node_id=4154389164809950881
[92mINFO [0m:      [Fleet.PullMessages] node_id=15262126792370938338
[92mINFO [0m:      [Fleet.PullMessages] node_id=11741127549788843760
[92mINFO [0m:      [Fleet.PullMessages] node_id=2434874171621193384
[92mINFO [0m:      [Fleet.PullMessages] node_id=4154389164809950881
[92mINFO [0m:      [Fleet.PullMessages] node_id=15262126792370938338
[92mINFO [0m:      [Fleet.PullMessages] node_id=11741127549788843760
[92mINFO [0m:      [Fleet.PullMessages] node_id=2434874171621193384
[92mINFO [0m:      [Fleet.PullMessages] node_id=4154389164809950881
[92mINFO [0m:      [Fleet.PullMessages] node_id=15262126792370938338
[92mINFO [0m:      [Fleet.PullMessages] node_id=11741127549788843760
[92mINFO [0m:      [Fleet.PullMessages] node_id=2434874171621193384
[92mINFO [0m:      [Fleet.PullMessages] node_id=4154389164809950881
[92mINFO [0m:      [Fleet.PullMessages] node_id=15262126792370938338
[92mINFO [0m:      [Fleet.PullMessages] node_id=11741127549788843760
[92mINFO [0m:      [Fleet.PullMessages] node_id=2434874171621193384
[92mINFO [0m:      [Fleet.PullMessages] node_id=4154389164809950881
[92mINFO [0m:      [Fleet.PullMessages] node_id=15262126792370938338
[92mINFO [0m:      [Fleet.PullMessages] node_id=11741127549788843760
[92mINFO [0m:      ControlServicer.StreamLogs
[92mINFO [0m:      [Fleet.PullMessages] node_id=2434874171621193384
[92mINFO [0m:      [Fleet.PullMessages] node_id=4154389164809950881
[92mINFO [0m:      [Fleet.PullMessages] node_id=15262126792370938338
[92mINFO [0m:      [Fleet.PullMessages] node_id=11741127549788843760
[92mINFO [0m:      [Fleet.PullMessages] node_id=2434874171621193384
[92mINFO [0m:      [Fleet.PullMessages] node_id=4154389164809950881
[92mINFO [0m:      [Fleet.PullMessages] node_id=15262126792370938338
[92mINFO [0m:      [Fleet.PullMessages] node_id=11741127549788843760
[92mINFO [0m:      [Fleet.PullMessages] node_id=2434874171621193384
[92mINFO [0m:      [Fleet.PullMessages] node_id=4154389164809950881
[92mINFO [0m:      [Fleet.PullMessages] node_id=15262126792370938338
[92mINFO [0m:      [Fleet.PullMessages] node_id=11741127549788843760
[92mINFO [0m:      [Fleet.PullMessages] node_id=2434874171621193384
[92mINFO [0m:      [Fleet.PullMessages] node_id=4154389164809950881
[92mINFO [0m:      [Fleet.PullMessages] node_id=15262126792370938338
[92mINFO [0m:      [Fleet.PullMessages] node_id=11741127549788843760
[92mINFO [0m:      [Fleet.PullMessages] node_id=2434874171621193384
[92mINFO [0m:      [Fleet.PullMessages] node_id=4154389164809950881
[92mINFO [0m:      [Fleet.PullMessages] node_id=15262126792370938338
[92mINFO [0m:      [Fleet.PullMessages] node_id=11741127549788843760
[92mINFO [0m:      [Fleet.PullMessages] node_id=2434874171621193384
[92mINFO [0m:      [Fleet.PullMessages] node_id=4154389164809950881
[92mINFO [0m:      [Fleet.PullMessages] node_id=15262126792370938338
[92mINFO [0m:      [Fleet.PullMessages] node_id=11741127549788843760
[92mINFO [0m:      [Fleet.PullMessages] node_id=2434874171621193384
[92mINFO [0m:      [Fleet.PullMessages] node_id=4154389164809950881
[92mINFO [0m:      [Fleet.PullMessages] node_id=15262126792370938338
[92mINFO [0m:      [Fleet.PullMessages] node_id=11741127549788843760
[92mINFO [0m:      [Fleet.PullMessages] node_id=2434874171621193384
[92mINFO [0m:      [Fleet.PullMessages] node_id=4154389164809950881
[92mINFO [0m:      [Fleet.PullMessages] node_id=15262126792370938338
[92mINFO [0m:      [Fleet.PullMessages] node_id=11741127549788843760
[92mINFO [0m:      [Fleet.PullMessages] node_id=2434874171621193384
[92mINFO [0m:      [Fleet.PullMessages] node_id=4154389164809950881
[92mINFO [0m:      [Fleet.PullMessages] node_id=15262126792370938338
[92mINFO [0m:      [Fleet.PullMessages] node_id=11741127549788843760
[92mINFO [0m:      [Fleet.PullMessages] node_id=2434874171621193384
[92mINFO [0m:      [Fleet.PullMessages] node_id=4154389164809950881
[92mINFO [0m:      [Fleet.PullMessages] node_id=15262126792370938338
[92mINFO [0m:      [Fleet.PullMessages] node_id=11741127549788843760
[92mINFO [0m:      [Fleet.PullMessages] node_id=2434874171621193384
[92mINFO [0m:      [Fleet.PullMessages] node_id=4154389164809950881
[92mINFO [0m:      [Fleet.PullMessages] node_id=15262126792370938338
[92mINFO [0m:      [Fleet.PullMessages] node_id=11741127549788843760
[92mINFO [0m:      [Fleet.PullMessages] node_id=2434874171621193384
[92mINFO [0m:      [Fleet.PullMessages] node_id=4154389164809950881
[92mINFO [0m:      [Fleet.PullMessages] node_id=15262126792370938338
[92mINFO [0m:      [Fleet.PullMessages] node_id=11741127549788843760
[92mINFO [0m:      [Fleet.PullMessages] node_id=2434874171621193384
[92mINFO [0m:      [Fleet.PullMessages] node_id=4154389164809950881
[92mINFO [0m:      [Fleet.PullMessages] node_id=15262126792370938338
[92mINFO [0m:      [Fleet.PullMessages] node_id=11741127549788843760
[92mINFO [0m:      [Fleet.PullMessages] node_id=2434874171621193384
[92mINFO [0m:      [Fleet.PullMessages] node_id=4154389164809950881
[92mINFO [0m:      [Fleet.PullMessages] node_id=15262126792370938338
[92mINFO [0m:      [Fleet.PullMessages] node_id=11741127549788843760
[92mINFO [0m:      [Fleet.PullMessages] node_id=2434874171621193384
[92mINFO [0m:      [Fleet.PullMessages] node_id=4154389164809950881
[92mINFO [0m:      [Fleet.PullMessages] node_id=15262126792370938338
[92mINFO [0m:      [Fleet.PullMessages] node_id=11741127549788843760
[92mINFO [0m:      [Fleet.PullMessages] node_id=2434874171621193384
[92mINFO [0m:      [Fleet.PullMessages] node_id=4154389164809950881
[92mINFO [0m:      [Fleet.PullMessages] node_id=15262126792370938338
[92mINFO [0m:      [Fleet.PullMessages] node_id=11741127549788843760
[92mINFO [0m:      [Fleet.PullMessages] node_id=2434874171621193384
[92mINFO [0m:      [Fleet.PullMessages] node_id=4154389164809950881
[92mINFO [0m:      [Fleet.PullMessages] node_id=15262126792370938338
[92mINFO [0m:      [Fleet.PullMessages] node_id=11741127549788843760
[92mINFO [0m:      [Fleet.PullMessages] node_id=2434874171621193384
[92mINFO [0m:      [Fleet.PullMessages] node_id=4154389164809950881
[92mINFO [0m:      [Fleet.PullMessages] node_id=15262126792370938338
[92mINFO [0m:      [Fleet.PullMessages] node_id=11741127549788843760
[92mINFO [0m:      [Fleet.PullMessages] node_id=2434874171621193384
[92mINFO [0m:      [Fleet.PullMessages] node_id=4154389164809950881
[92mINFO [0m:      [Fleet.PullMessages] node_id=15262126792370938338
[92mINFO [0m:      [Fleet.PullMessages] node_id=11741127549788843760
[92mINFO [0m:      [Fleet.PullMessages] node_id=2434874171621193384
[92mINFO [0m:      [Fleet.PullMessages] node_id=4154389164809950881
[92mINFO [0m:      [Fleet.PullMessages] node_id=15262126792370938338
[92mINFO [0m:      [Fleet.PullMessages] node_id=11741127549788843760
[92mINFO [0m:      ControlServicer.StreamLogs
[92mINFO [0m:      [Fleet.PullMessages] node_id=2434874171621193384
[92mINFO [0m:      [Fleet.PullMessages] node_id=4154389164809950881
[92mINFO [0m:      [Fleet.PullMessages] node_id=15262126792370938338
[92mINFO [0m:      [Fleet.PullMessages] node_id=11741127549788843760
[92mINFO [0m:      [Fleet.PullMessages] node_id=2434874171621193384
[92mINFO [0m:      [Fleet.PullMessages] node_id=4154389164809950881
[92mINFO [0m:      [Fleet.PullMessages] node_id=15262126792370938338
[92mINFO [0m:      [Fleet.PullMessages] node_id=11741127549788843760
[92mINFO [0m:      [Fleet.PullMessages] node_id=2434874171621193384
[92mINFO [0m:      [Fleet.PullMessages] node_id=4154389164809950881
[92mINFO [0m:      [Fleet.PullMessages] node_id=15262126792370938338
[92mINFO [0m:      [Fleet.PullMessages] node_id=11741127549788843760
[92mINFO [0m:      [Fleet.PullMessages] node_id=2434874171621193384
[92mINFO [0m:      [Fleet.PullMessages] node_id=4154389164809950881
[92mINFO [0m:      [Fleet.PullMessages] node_id=15262126792370938338
[92mINFO [0m:      [Fleet.PullMessages] node_id=11741127549788843760
[92mINFO [0m:      [Fleet.PullMessages] node_id=2434874171621193384
[92mINFO [0m:      [Fleet.PullMessages] node_id=4154389164809950881
[92mINFO [0m:      [Fleet.PullMessages] node_id=15262126792370938338
[92mINFO [0m:      [Fleet.PullMessages] node_id=11741127549788843760
[92mINFO [0m:      [Fleet.PullMessages] node_id=2434874171621193384
[92mINFO [0m:      [Fleet.PullMessages] node_id=4154389164809950881
[92mINFO [0m:      [Fleet.PullMessages] node_id=15262126792370938338
[92mINFO [0m:      [Fleet.PullMessages] node_id=11741127549788843760
[92mINFO [0m:      [Fleet.PullMessages] node_id=2434874171621193384
[92mINFO [0m:      [Fleet.PullMessages] node_id=4154389164809950881
[92mINFO [0m:      [Fleet.PullMessages] node_id=15262126792370938338
[92mINFO [0m:      [Fleet.PullMessages] node_id=11741127549788843760
[92mINFO [0m:      [Fleet.PullMessages] node_id=2434874171621193384
[92mINFO [0m:      [Fleet.PullMessages] node_id=4154389164809950881
[92mINFO [0m:      [Fleet.PullMessages] node_id=15262126792370938338
[92mINFO [0m:      [Fleet.PullMessages] node_id=11741127549788843760
[92mINFO [0m:      [Fleet.PullMessages] node_id=2434874171621193384
[92mINFO [0m:      [Fleet.PullMessages] node_id=4154389164809950881
[92mINFO [0m:      [Fleet.PullMessages] node_id=15262126792370938338
[92mINFO [0m:      [Fleet.PullMessages] node_id=11741127549788843760
[92mINFO [0m:      [Fleet.PullMessages] node_id=2434874171621193384
[92mINFO [0m:      [Fleet.PullMessages] node_id=4154389164809950881
[92mINFO [0m:      [Fleet.PullMessages] node_id=15262126792370938338
[92mINFO [0m:      [Fleet.PullMessages] node_id=11741127549788843760
[92mINFO [0m:      [Fleet.PullMessages] node_id=2434874171621193384
[92mINFO [0m:      [Fleet.PullMessages] node_id=4154389164809950881
[92mINFO [0m:      [Fleet.PullMessages] node_id=15262126792370938338
[92mINFO [0m:      [Fleet.PullMessages] node_id=11741127549788843760
[92mINFO [0m:      [Fleet.PullMessages] node_id=2434874171621193384
[92mINFO [0m:      [Fleet.PullMessages] node_id=4154389164809950881
[92mINFO [0m:      [Fleet.PullMessages] node_id=15262126792370938338
[92mINFO [0m:      [Fleet.PullMessages] node_id=11741127549788843760
[92mINFO [0m:      [Fleet.PullMessages] node_id=2434874171621193384
[92mINFO [0m:      [Fleet.PullMessages] node_id=4154389164809950881
[92mINFO [0m:      [Fleet.PullMessages] node_id=15262126792370938338
[92mINFO [0m:      [Fleet.PullMessages] node_id=11741127549788843760
[92mINFO [0m:      [Fleet.PullMessages] node_id=2434874171621193384
[92mINFO [0m:      [Fleet.PullMessages] node_id=4154389164809950881
[92mINFO [0m:      [Fleet.PullMessages] node_id=15262126792370938338
[92mINFO [0m:      [Fleet.PullMessages] node_id=11741127549788843760
[92mINFO [0m:      [Fleet.PullMessages] node_id=2434874171621193384
[92mINFO [0m:      [Fleet.PullMessages] node_id=4154389164809950881
[92mINFO [0m:      [Fleet.PullMessages] node_id=15262126792370938338
[92mINFO [0m:      [Fleet.PullMessages] node_id=11741127549788843760
[92mINFO [0m:      [Fleet.PullMessages] node_id=2434874171621193384
[92mINFO [0m:      [Fleet.PullMessages] node_id=4154389164809950881
[92mINFO [0m:      [Fleet.PullMessages] node_id=15262126792370938338
[92mINFO [0m:      [Fleet.PullMessages] node_id=11741127549788843760
[92mINFO [0m:      [Fleet.PullMessages] node_id=2434874171621193384
[92mINFO [0m:      [Fleet.PullMessages] node_id=4154389164809950881
[92mINFO [0m:      [Fleet.PullMessages] node_id=15262126792370938338
[92mINFO [0m:      [Fleet.PullMessages] node_id=11741127549788843760
[92mINFO [0m:      [Fleet.PullMessages] node_id=2434874171621193384
[92mINFO [0m:      [Fleet.PullMessages] node_id=4154389164809950881
[92mINFO [0m:      [Fleet.PullMessages] node_id=15262126792370938338
[92mINFO [0m:      [Fleet.PullMessages] node_id=11741127549788843760
[92mINFO [0m:      [Fleet.PullMessages] node_id=2434874171621193384
[92mINFO [0m:      [Fleet.PullMessages] node_id=4154389164809950881
[92mINFO [0m:      [Fleet.PullMessages] node_id=15262126792370938338
[92mINFO [0m:      [Fleet.PullMessages] node_id=11741127549788843760
[92mINFO [0m:      [Fleet.PullMessages] node_id=2434874171621193384
[92mINFO [0m:      [Fleet.PullMessages] node_id=4154389164809950881
[92mINFO [0m:      [Fleet.PullMessages] node_id=15262126792370938338
[92mINFO [0m:      [Fleet.PullMessages] node_id=11741127549788843760
[92mINFO [0m:      ControlServicer.StreamLogs
[92mINFO [0m:      [Fleet.PullMessages] node_id=2434874171621193384
[92mINFO [0m:      [Fleet.PullMessages] node_id=4154389164809950881
[92mINFO [0m:      [Fleet.PullMessages] node_id=15262126792370938338
[92mINFO [0m:      [Fleet.PullMessages] node_id=11741127549788843760
[92mINFO [0m:      [Fleet.PullMessages] node_id=2434874171621193384
[92mINFO [0m:      [Fleet.PullMessages] node_id=4154389164809950881
[92mINFO [0m:      [Fleet.PullMessages] node_id=15262126792370938338
[92mINFO [0m:      [Fleet.PullMessages] node_id=11741127549788843760
[92mINFO [0m:      [Fleet.PullMessages] node_id=2434874171621193384
[92mINFO [0m:      [Fleet.PullMessages] node_id=4154389164809950881
[92mINFO [0m:      [Fleet.PullMessages] node_id=15262126792370938338
[92mINFO [0m:      [Fleet.PullMessages] node_id=11741127549788843760
[92mINFO [0m:      [Fleet.PullMessages] node_id=2434874171621193384
[92mINFO [0m:      [Fleet.PullMessages] node_id=4154389164809950881
[92mINFO [0m:      [Fleet.PullMessages] node_id=15262126792370938338
[92mINFO [0m:      [Fleet.PullMessages] node_id=11741127549788843760
[92mINFO [0m:      [Fleet.PullMessages] node_id=2434874171621193384
[92mINFO [0m:      [Fleet.PullMessages] node_id=4154389164809950881
[92mINFO [0m:      [Fleet.PullMessages] node_id=15262126792370938338
[92mINFO [0m:      [Fleet.PullMessages] node_id=11741127549788843760
[92mINFO [0m:      [Fleet.PullMessages] node_id=2434874171621193384
[92mINFO [0m:      [Fleet.PullMessages] node_id=4154389164809950881
[92mINFO [0m:      [Fleet.PullMessages] node_id=15262126792370938338
[92mINFO [0m:      [Fleet.PullMessages] node_id=11741127549788843760
[92mINFO [0m:      [Fleet.PullMessages] node_id=2434874171621193384
[92mINFO [0m:      [Fleet.PullMessages] node_id=4154389164809950881
[92mINFO [0m:      [Fleet.PullMessages] node_id=15262126792370938338
[92mINFO [0m:      [Fleet.PullMessages] node_id=11741127549788843760
[92mINFO [0m:      [Fleet.PullMessages] node_id=2434874171621193384
[92mINFO [0m:      [Fleet.PullMessages] node_id=4154389164809950881
[92mINFO [0m:      [Fleet.PullMessages] node_id=15262126792370938338
[92mINFO [0m:      [Fleet.PullMessages] node_id=11741127549788843760
[92mINFO [0m:      [Fleet.PullMessages] node_id=2434874171621193384
[92mINFO [0m:      [Fleet.PullMessages] node_id=4154389164809950881
[92mINFO [0m:      [Fleet.PullMessages] node_id=15262126792370938338
[92mINFO [0m:      [Fleet.PullMessages] node_id=11741127549788843760
[92mINFO [0m:      [Fleet.PullMessages] node_id=2434874171621193384
[92mINFO [0m:      [Fleet.PullMessages] node_id=4154389164809950881
[92mINFO [0m:      [Fleet.PullMessages] node_id=15262126792370938338
[92mINFO [0m:      [Fleet.PullMessages] node_id=11741127549788843760
[92mINFO [0m:      [Fleet.PullMessages] node_id=2434874171621193384
[92mINFO [0m:      [Fleet.PullMessages] node_id=4154389164809950881
[92mINFO [0m:      [Fleet.PullMessages] node_id=15262126792370938338
[92mINFO [0m:      [Fleet.PullMessages] node_id=11741127549788843760
[92mINFO [0m:      [Fleet.PullMessages] node_id=2434874171621193384
[92mINFO [0m:      [Fleet.PullMessages] node_id=4154389164809950881
[92mINFO [0m:      [Fleet.PullMessages] node_id=15262126792370938338
[92mINFO [0m:      [Fleet.PullMessages] node_id=11741127549788843760
[92mINFO [0m:      [Fleet.PullMessages] node_id=2434874171621193384
[92mINFO [0m:      [Fleet.PullMessages] node_id=4154389164809950881
[92mINFO [0m:      [Fleet.PullMessages] node_id=15262126792370938338
[92mINFO [0m:      [Fleet.PullMessages] node_id=11741127549788843760
[92mINFO [0m:      [Fleet.PullMessages] node_id=2434874171621193384
[92mINFO [0m:      [Fleet.PullMessages] node_id=4154389164809950881
[92mINFO [0m:      [Fleet.PullMessages] node_id=15262126792370938338
[92mINFO [0m:      [Fleet.PullMessages] node_id=11741127549788843760
[92mINFO [0m:      [Fleet.PullMessages] node_id=2434874171621193384
[92mINFO [0m:      [Fleet.PullMessages] node_id=4154389164809950881
[92mINFO [0m:      [Fleet.PullMessages] node_id=15262126792370938338
[92mINFO [0m:      [Fleet.PullMessages] node_id=11741127549788843760
[92mINFO [0m:      [Fleet.PullMessages] node_id=2434874171621193384
[92mINFO [0m:      [Fleet.PullMessages] node_id=4154389164809950881
[92mINFO [0m:      [Fleet.PullMessages] node_id=15262126792370938338
[92mINFO [0m:      [Fleet.PullMessages] node_id=11741127549788843760
[92mINFO [0m:      [Fleet.PullMessages] node_id=2434874171621193384
[92mINFO [0m:      [Fleet.PullMessages] node_id=4154389164809950881
[92mINFO [0m:      [Fleet.PullMessages] node_id=15262126792370938338
[92mINFO [0m:      [Fleet.PullMessages] node_id=11741127549788843760
[92mINFO [0m:      [Fleet.PullMessages] node_id=2434874171621193384
[92mINFO [0m:      [Fleet.PullMessages] node_id=4154389164809950881
[92mINFO [0m:      [Fleet.PullMessages] node_id=15262126792370938338
[92mINFO [0m:      [Fleet.PullMessages] node_id=11741127549788843760
[92mINFO [0m:      [Fleet.PullMessages] node_id=2434874171621193384
[92mINFO [0m:      [Fleet.PullMessages] node_id=4154389164809950881
[92mINFO [0m:      [Fleet.PullMessages] node_id=11741127549788843760
[92mINFO [0m:      [Fleet.PullMessages] node_id=15262126792370938338
[92mINFO [0m:      [Fleet.PullMessages] node_id=2434874171621193384
[92mINFO [0m:      [Fleet.PullMessages] node_id=4154389164809950881
[92mINFO [0m:      [Fleet.PullMessages] node_id=15262126792370938338
[92mINFO [0m:      [Fleet.PullMessages] node_id=11741127549788843760
[92mINFO [0m:      ControlServicer.StreamLogs
[92mINFO [0m:      [Fleet.PullMessages] node_id=2434874171621193384
[92mINFO [0m:      [Fleet.PullMessages] node_id=4154389164809950881
[92mINFO [0m:      [Fleet.PullMessages] node_id=11741127549788843760
[92mINFO [0m:      [Fleet.PullMessages] node_id=15262126792370938338
[92mINFO [0m:      [Fleet.PullMessages] node_id=2434874171621193384
[92mINFO [0m:      [Fleet.PullMessages] node_id=4154389164809950881
[92mINFO [0m:      [Fleet.PullMessages] node_id=15262126792370938338
[92mINFO [0m:      [Fleet.PullMessages] node_id=11741127549788843760
[92mINFO [0m:      [Fleet.PullMessages] node_id=2434874171621193384
[92mINFO [0m:      [Fleet.PullMessages] node_id=4154389164809950881
[92mINFO [0m:      [Fleet.PullMessages] node_id=11741127549788843760
[92mINFO [0m:      [Fleet.PullMessages] node_id=15262126792370938338
[92mINFO [0m:      [Fleet.PullMessages] node_id=2434874171621193384
[92mINFO [0m:      [Fleet.PullMessages] node_id=4154389164809950881
[92mINFO [0m:      [Fleet.PullMessages] node_id=11741127549788843760
[92mINFO [0m:      [Fleet.PullMessages] node_id=15262126792370938338
[92mINFO [0m:      [Fleet.PullMessages] node_id=2434874171621193384
[92mINFO [0m:      [Fleet.PullMessages] node_id=4154389164809950881
[92mINFO [0m:      [Fleet.PullMessages] node_id=15262126792370938338
[92mINFO [0m:      [Fleet.PullMessages] node_id=11741127549788843760
[92mINFO [0m:      [Fleet.PullMessages] node_id=2434874171621193384
[92mINFO [0m:      [Fleet.PullMessages] node_id=4154389164809950881
[92mINFO [0m:      [Fleet.PullMessages] node_id=15262126792370938338
[92mINFO [0m:      [Fleet.PullMessages] node_id=11741127549788843760
[92mINFO [0m:      [Fleet.PullMessages] node_id=2434874171621193384
[92mINFO [0m:      [Fleet.PullMessages] node_id=4154389164809950881
[92mINFO [0m:      [Fleet.PullMessages] node_id=15262126792370938338
[92mINFO [0m:      [Fleet.PullMessages] node_id=11741127549788843760
[92mINFO [0m:      [Fleet.PullMessages] node_id=2434874171621193384
[92mINFO [0m:      [Fleet.PullMessages] node_id=4154389164809950881
[92mINFO [0m:      [Fleet.PullMessages] node_id=11741127549788843760
[92mINFO [0m:      [Fleet.PullMessages] node_id=15262126792370938338
[92mINFO [0m:      [Fleet.PullMessages] node_id=2434874171621193384
[92mINFO [0m:      [Fleet.PullMessages] node_id=4154389164809950881
[92mINFO [0m:      [Fleet.PullMessages] node_id=11741127549788843760
[92mINFO [0m:      [Fleet.PullMessages] node_id=15262126792370938338
[92mINFO [0m:      [Fleet.PullMessages] node_id=2434874171621193384
[92mINFO [0m:      [Fleet.PullMessages] node_id=4154389164809950881
[92mINFO [0m:      [Fleet.PullMessages] node_id=15262126792370938338
[92mINFO [0m:      [Fleet.PullMessages] node_id=11741127549788843760
[92mINFO [0m:      [Fleet.PullMessages] node_id=2434874171621193384
[92mINFO [0m:      [Fleet.PullMessages] node_id=4154389164809950881
[92mINFO [0m:      [Fleet.PullMessages] node_id=15262126792370938338
[92mINFO [0m:      [Fleet.PullMessages] node_id=11741127549788843760
[92mINFO [0m:      [Fleet.PullMessages] node_id=2434874171621193384
[92mINFO [0m:      [Fleet.PullMessages] node_id=4154389164809950881
[92mINFO [0m:      [Fleet.PullMessages] node_id=11741127549788843760
[92mINFO [0m:      [Fleet.PullMessages] node_id=15262126792370938338
[92mINFO [0m:      [Fleet.PullMessages] node_id=2434874171621193384
[92mINFO [0m:      [Fleet.PullMessages] node_id=4154389164809950881
[92mINFO [0m:      [Fleet.PullMessages] node_id=15262126792370938338
[92mINFO [0m:      [Fleet.PullMessages] node_id=11741127549788843760
[92mINFO [0m:      [Fleet.PullMessages] node_id=2434874171621193384
[92mINFO [0m:      [Fleet.PullMessages] node_id=4154389164809950881
[92mINFO [0m:      [Fleet.PullMessages] node_id=15262126792370938338
[92mINFO [0m:      [Fleet.PullMessages] node_id=11741127549788843760
[92mINFO [0m:      [Fleet.PullMessages] node_id=2434874171621193384
[92mINFO [0m:      [Fleet.PullMessages] node_id=4154389164809950881
[92mINFO [0m:      [Fleet.PullMessages] node_id=15262126792370938338
[92mINFO [0m:      [Fleet.PullMessages] node_id=11741127549788843760
[92mINFO [0m:      [Fleet.PullMessages] node_id=2434874171621193384
[92mINFO [0m:      [Fleet.PullMessages] node_id=4154389164809950881
[92mINFO [0m:      [Fleet.PullMessages] node_id=11741127549788843760
[92mINFO [0m:      [Fleet.PullMessages] node_id=15262126792370938338
[92mINFO [0m:      [Fleet.PullMessages] node_id=2434874171621193384
[92mINFO [0m:      [Fleet.PullMessages] node_id=4154389164809950881
[92mINFO [0m:      [Fleet.PullMessages] node_id=11741127549788843760
[92mINFO [0m:      [Fleet.PullMessages] node_id=15262126792370938338
[92mINFO [0m:      [Fleet.PullMessages] node_id=2434874171621193384
[92mINFO [0m:      [Fleet.PullMessages] node_id=4154389164809950881
[92mINFO [0m:      [Fleet.PullMessages] node_id=15262126792370938338
[92mINFO [0m:      [Fleet.PullMessages] node_id=11741127549788843760
[92mINFO [0m:      [Fleet.PullMessages] node_id=2434874171621193384
[92mINFO [0m:      [Fleet.PullMessages] node_id=4154389164809950881
[92mINFO [0m:      [Fleet.PullMessages] node_id=15262126792370938338
[92mINFO [0m:      [Fleet.PullMessages] node_id=11741127549788843760
[92mINFO [0m:      [Fleet.PullMessages] node_id=2434874171621193384
[92mINFO [0m:      [Fleet.PullMessages] node_id=4154389164809950881
[92mINFO [0m:      [Fleet.PullMessages] node_id=15262126792370938338
[92mINFO [0m:      [Fleet.PullMessages] node_id=11741127549788843760
[92mINFO [0m:      ControlServicer.StreamLogs
[92mINFO [0m:      [Fleet.PullMessages] node_id=2434874171621193384
[92mINFO [0m:      [Fleet.PullMessages] node_id=4154389164809950881
[92mINFO [0m:      [Fleet.PullMessages] node_id=11741127549788843760
[92mINFO [0m:      [Fleet.PullMessages] node_id=15262126792370938338
[92mINFO [0m:      [Fleet.PullMessages] node_id=2434874171621193384
[92mINFO [0m:      [Fleet.PullMessages] node_id=4154389164809950881
[92mINFO [0m:      [Fleet.PullMessages] node_id=15262126792370938338
[92mINFO [0m:      [Fleet.PullMessages] node_id=11741127549788843760
[92mINFO [0m:      [Fleet.PullMessages] node_id=2434874171621193384
[92mINFO [0m:      [Fleet.PullMessages] node_id=4154389164809950881
[92mINFO [0m:      [Fleet.PullMessages] node_id=15262126792370938338
[92mINFO [0m:      [Fleet.PullMessages] node_id=11741127549788843760
[92mINFO [0m:      [Fleet.PullMessages] node_id=2434874171621193384
[92mINFO [0m:      [Fleet.PullMessages] node_id=4154389164809950881
[92mINFO [0m:      [Fleet.PullMessages] node_id=11741127549788843760
[92mINFO [0m:      [Fleet.PullMessages] node_id=15262126792370938338
[92mINFO [0m:      [Fleet.PullMessages] node_id=2434874171621193384
[92mINFO [0m:      [Fleet.PullMessages] node_id=4154389164809950881
[92mINFO [0m:      [Fleet.PullMessages] node_id=11741127549788843760
[92mINFO [0m:      [Fleet.PullMessages] node_id=15262126792370938338
[92mINFO [0m:      [Fleet.PullMessages] node_id=2434874171621193384
[92mINFO [0m:      [Fleet.PullMessages] node_id=4154389164809950881
[92mINFO [0m:      [Fleet.PullMessages] node_id=15262126792370938338
[92mINFO [0m:      [Fleet.PullMessages] node_id=11741127549788843760
[92mINFO [0m:      [Fleet.PullMessages] node_id=2434874171621193384
[92mINFO [0m:      [Fleet.PullMessages] node_id=4154389164809950881
[92mINFO [0m:      [Fleet.PullMessages] node_id=15262126792370938338
[92mINFO [0m:      [Fleet.PullMessages] node_id=11741127549788843760
[92mINFO [0m:      [Fleet.PullMessages] node_id=2434874171621193384
[92mINFO [0m:      [Fleet.PullMessages] node_id=4154389164809950881
[92mINFO [0m:      [Fleet.PullMessages] node_id=11741127549788843760
[92mINFO [0m:      [Fleet.PullMessages] node_id=15262126792370938338
[92mINFO [0m:      [Fleet.PullMessages] node_id=2434874171621193384
[92mINFO [0m:      [Fleet.PullMessages] node_id=4154389164809950881
[92mINFO [0m:      [Fleet.PullMessages] node_id=15262126792370938338
[92mINFO [0m:      [Fleet.PullMessages] node_id=11741127549788843760
[92mINFO [0m:      [Fleet.PullMessages] node_id=2434874171621193384
[92mINFO [0m:      [Fleet.PullMessages] node_id=4154389164809950881
[92mINFO [0m:      [Fleet.PullMessages] node_id=11741127549788843760
[92mINFO [0m:      [Fleet.PullMessages] node_id=15262126792370938338
[92mINFO [0m:      [Fleet.PullMessages] node_id=2434874171621193384
[92mINFO [0m:      [Fleet.PullMessages] node_id=4154389164809950881
[92mINFO [0m:      [Fleet.PullMessages] node_id=15262126792370938338
[92mINFO [0m:      [Fleet.PullMessages] node_id=11741127549788843760
[92mINFO [0m:      [Fleet.PullMessages] node_id=2434874171621193384
[92mINFO [0m:      [Fleet.PullMessages] node_id=4154389164809950881
[92mINFO [0m:      [Fleet.PullMessages] node_id=15262126792370938338
[92mINFO [0m:      [Fleet.PullMessages] node_id=11741127549788843760
[92mINFO [0m:      [Fleet.PullMessages] node_id=2434874171621193384
[92mINFO [0m:      [Fleet.PullMessages] node_id=4154389164809950881
[92mINFO [0m:      [Fleet.PullMessages] node_id=11741127549788843760
[92mINFO [0m:      [Fleet.PullMessages] node_id=15262126792370938338
[92mINFO [0m:      [Fleet.PullMessages] node_id=2434874171621193384
[92mINFO [0m:      [Fleet.PullMessages] node_id=4154389164809950881
[92mINFO [0m:      [Fleet.PullMessages] node_id=15262126792370938338
[92mINFO [0m:      [Fleet.PullMessages] node_id=11741127549788843760
[92mINFO [0m:      [Fleet.PullMessages] node_id=2434874171621193384
[92mINFO [0m:      [Fleet.PullMessages] node_id=4154389164809950881
[92mINFO [0m:      [Fleet.PullMessages] node_id=11741127549788843760
[92mINFO [0m:      [Fleet.PullMessages] node_id=15262126792370938338
[92mINFO [0m:      [Fleet.PullMessages] node_id=2434874171621193384
[92mINFO [0m:      [Fleet.PullMessages] node_id=4154389164809950881
[92mINFO [0m:      [Fleet.PullMessages] node_id=15262126792370938338
[92mINFO [0m:      [Fleet.PullMessages] node_id=11741127549788843760
[92mINFO [0m:      [Fleet.PullMessages] node_id=2434874171621193384
[92mINFO [0m:      [Fleet.PullMessages] node_id=4154389164809950881
[92mINFO [0m:      [Fleet.PullMessages] node_id=11741127549788843760
[92mINFO [0m:      [Fleet.PullMessages] node_id=15262126792370938338
[92mINFO [0m:      [Fleet.PullMessages] node_id=2434874171621193384
[92mINFO [0m:      [Fleet.PullMessages] node_id=4154389164809950881
[92mINFO [0m:      [Fleet.PullMessages] node_id=15262126792370938338
[92mINFO [0m:      [Fleet.PullMessages] node_id=11741127549788843760
[92mINFO [0m:      [Fleet.PullMessages] node_id=2434874171621193384
[92mINFO [0m:      [Fleet.PullMessages] node_id=4154389164809950881
[92mINFO [0m:      [Fleet.PullMessages] node_id=15262126792370938338
[92mINFO [0m:      [Fleet.PullMessages] node_id=11741127549788843760
[92mINFO [0m:      [Fleet.PullMessages] node_id=2434874171621193384
[92mINFO [0m:      [Fleet.PullMessages] node_id=4154389164809950881
[92mINFO [0m:      [Fleet.PullMessages] node_id=15262126792370938338
[92mINFO [0m:      [Fleet.PullMessages] node_id=11741127549788843760
[92mINFO [0m:      [Fleet.PullMessages] node_id=2434874171621193384
[92mINFO [0m:      ControlServicer.StreamLogs
[92mINFO [0m:      [Fleet.PullMessages] node_id=4154389164809950881
[92mINFO [0m:      [Fleet.PullMessages] node_id=15262126792370938338
[92mINFO [0m:      [Fleet.PullMessages] node_id=11741127549788843760
[92mINFO [0m:      [Fleet.PullMessages] node_id=2434874171621193384
[92mINFO [0m:      [Fleet.PullMessages] node_id=4154389164809950881
[92mINFO [0m:      [Fleet.PullMessages] node_id=11741127549788843760
[92mINFO [0m:      [Fleet.PullMessages] node_id=15262126792370938338
[92mINFO [0m:      [Fleet.PullMessages] node_id=2434874171621193384
[92mINFO [0m:      [Fleet.PullMessages] node_id=4154389164809950881
[92mINFO [0m:      [Fleet.PullMessages] node_id=15262126792370938338
[92mINFO [0m:      [Fleet.PullMessages] node_id=11741127549788843760
[92mINFO [0m:      [Fleet.PullMessages] node_id=2434874171621193384
[92mINFO [0m:      [Fleet.PullMessages] node_id=4154389164809950881
[92mINFO [0m:      [Fleet.PullMessages] node_id=11741127549788843760
[92mINFO [0m:      [Fleet.PullMessages] node_id=15262126792370938338
[92mINFO [0m:      [Fleet.PullMessages] node_id=2434874171621193384
[92mINFO [0m:      [Fleet.PullMessages] node_id=4154389164809950881
[92mINFO [0m:      [Fleet.PullMessages] node_id=11741127549788843760
[92mINFO [0m:      [Fleet.PullMessages] node_id=15262126792370938338
[92mINFO [0m:      [Fleet.PullMessages] node_id=2434874171621193384
[92mINFO [0m:      [Fleet.PullMessages] node_id=4154389164809950881
[92mINFO [0m:      [Fleet.PullMessages] node_id=11741127549788843760
[92mINFO [0m:      [Fleet.PullMessages] node_id=15262126792370938338
[92mINFO [0m:      [Fleet.PullMessages] node_id=2434874171621193384
[92mINFO [0m:      [Fleet.PullMessages] node_id=4154389164809950881
[92mINFO [0m:      [Fleet.PullMessages] node_id=15262126792370938338
[92mINFO [0m:      [Fleet.PullMessages] node_id=11741127549788843760
[92mINFO [0m:      [Fleet.PullMessages] node_id=2434874171621193384
[92mINFO [0m:      [Fleet.PullMessages] node_id=4154389164809950881
[92mINFO [0m:      [Fleet.PullMessages] node_id=15262126792370938338
[92mINFO [0m:      [Fleet.PullMessages] node_id=11741127549788843760
[92mINFO [0m:      [Fleet.PullMessages] node_id=2434874171621193384
[92mINFO [0m:      [Fleet.PullMessages] node_id=4154389164809950881
[92mINFO [0m:      [Fleet.PullMessages] node_id=11741127549788843760
[92mINFO [0m:      [Fleet.PullMessages] node_id=15262126792370938338
[92mINFO [0m:      [Fleet.PullMessages] node_id=2434874171621193384
[92mINFO [0m:      [Fleet.PullMessages] node_id=4154389164809950881
[92mINFO [0m:      [Fleet.PullMessages] node_id=11741127549788843760
[92mINFO [0m:      [Fleet.PullMessages] node_id=15262126792370938338
[92mINFO [0m:      [Fleet.PullMessages] node_id=2434874171621193384
[92mINFO [0m:      [Fleet.PullMessages] node_id=4154389164809950881
[92mINFO [0m:      [Fleet.PullMessages] node_id=15262126792370938338
[92mINFO [0m:      [Fleet.PullMessages] node_id=11741127549788843760
[92mINFO [0m:      [Fleet.PullMessages] node_id=2434874171621193384
[92mINFO [0m:      [Fleet.PullMessages] node_id=4154389164809950881
[92mINFO [0m:      [Fleet.PullMessages] node_id=15262126792370938338
[92mINFO [0m:      [Fleet.PullMessages] node_id=11741127549788843760
[92mINFO [0m:      [Fleet.PullMessages] node_id=2434874171621193384
[92mINFO [0m:      [Fleet.PullMessages] node_id=4154389164809950881
[92mINFO [0m:      [Fleet.PullMessages] node_id=15262126792370938338
[92mINFO [0m:      [Fleet.PullMessages] node_id=11741127549788843760
[92mINFO [0m:      [Fleet.PullMessages] node_id=2434874171621193384
[92mINFO [0m:      [Fleet.PullMessages] node_id=4154389164809950881
[92mINFO [0m:      [Fleet.PullMessages] node_id=15262126792370938338
[92mINFO [0m:      [Fleet.PullMessages] node_id=11741127549788843760
[92mINFO [0m:      [Fleet.PullMessages] node_id=2434874171621193384
[92mINFO [0m:      [Fleet.PullMessages] node_id=4154389164809950881
[92mINFO [0m:      [Fleet.PullMessages] node_id=11741127549788843760
[92mINFO [0m:      [Fleet.PullMessages] node_id=15262126792370938338
[92mINFO [0m:      [Fleet.PullMessages] node_id=2434874171621193384
[92mINFO [0m:      [Fleet.PullMessages] node_id=4154389164809950881
[92mINFO [0m:      [Fleet.PullMessages] node_id=11741127549788843760
[92mINFO [0m:      [Fleet.PullMessages] node_id=15262126792370938338
[92mINFO [0m:      [Fleet.PullMessages] node_id=2434874171621193384
[92mINFO [0m:      [Fleet.PullMessages] node_id=4154389164809950881
[92mINFO [0m:      [Fleet.PullMessages] node_id=11741127549788843760
[92mINFO [0m:      [Fleet.PullMessages] node_id=15262126792370938338
[92mINFO [0m:      [Fleet.PullMessages] node_id=2434874171621193384
[92mINFO [0m:      [Fleet.PullMessages] node_id=4154389164809950881
[92mINFO [0m:      [Fleet.PullMessages] node_id=11741127549788843760
[92mINFO [0m:      [Fleet.PullMessages] node_id=15262126792370938338
[92mINFO [0m:      [Fleet.PullMessages] node_id=2434874171621193384
[92mINFO [0m:      [Fleet.PullMessages] node_id=4154389164809950881
[92mINFO [0m:      [Fleet.PullMessages] node_id=15262126792370938338
[92mINFO [0m:      [Fleet.PullMessages] node_id=11741127549788843760
[92mINFO [0m:      [Fleet.PullMessages] node_id=2434874171621193384
[92mINFO [0m:      [Fleet.PullMessages] node_id=4154389164809950881
[92mINFO [0m:      [Fleet.PullMessages] node_id=15262126792370938338
[92mINFO [0m:      [Fleet.PullMessages] node_id=11741127549788843760
[92mINFO [0m:      [Fleet.PullMessages] node_id=2434874171621193384
[92mINFO [0m:      [Fleet.PullMessages] node_id=4154389164809950881
[92mINFO [0m:      ControlServicer.StreamLogs
[92mINFO [0m:      [Fleet.PullMessages] node_id=11741127549788843760
[92mINFO [0m:      [Fleet.PullMessages] node_id=15262126792370938338
[92mINFO [0m:      [Fleet.PullMessages] node_id=2434874171621193384
[92mINFO [0m:      [Fleet.PullMessages] node_id=4154389164809950881
[92mINFO [0m:      [Fleet.PullMessages] node_id=11741127549788843760
[92mINFO [0m:      [Fleet.PullMessages] node_id=15262126792370938338
[92mINFO [0m:      [Fleet.PullMessages] node_id=2434874171621193384
[92mINFO [0m:      [Fleet.PullMessages] node_id=4154389164809950881
[92mINFO [0m:      [Fleet.PullMessages] node_id=11741127549788843760
[92mINFO [0m:      [Fleet.PullMessages] node_id=15262126792370938338
[92mINFO [0m:      [Fleet.PullMessages] node_id=2434874171621193384
[92mINFO [0m:      [Fleet.PullMessages] node_id=4154389164809950881
[92mINFO [0m:      [Fleet.PullMessages] node_id=15262126792370938338
[92mINFO [0m:      [Fleet.PullMessages] node_id=11741127549788843760
[92mINFO [0m:      [Fleet.PullMessages] node_id=2434874171621193384
[92mINFO [0m:      [Fleet.PullMessages] node_id=4154389164809950881
[92mINFO [0m:      [Fleet.PullMessages] node_id=15262126792370938338
[92mINFO [0m:      [Fleet.PullMessages] node_id=11741127549788843760
[92mINFO [0m:      [Fleet.PullMessages] node_id=2434874171621193384
[92mINFO [0m:      [Fleet.PullMessages] node_id=4154389164809950881
[92mINFO [0m:      [Fleet.PullMessages] node_id=15262126792370938338
[92mINFO [0m:      [Fleet.PullMessages] node_id=11741127549788843760
[92mINFO [0m:      [Fleet.PullMessages] node_id=2434874171621193384
[92mINFO [0m:      [Fleet.PullMessages] node_id=4154389164809950881
[92mINFO [0m:      [Fleet.PullMessages] node_id=11741127549788843760
[92mINFO [0m:      [Fleet.PullMessages] node_id=15262126792370938338
[92mINFO [0m:      [Fleet.PullMessages] node_id=2434874171621193384
[92mINFO [0m:      [Fleet.PullMessages] node_id=4154389164809950881
[92mINFO [0m:      [Fleet.PullMessages] node_id=11741127549788843760
[92mINFO [0m:      [Fleet.PullMessages] node_id=15262126792370938338
[92mINFO [0m:      [Fleet.PullMessages] node_id=2434874171621193384
[92mINFO [0m:      [Fleet.PullMessages] node_id=4154389164809950881
[92mINFO [0m:      [Fleet.PullMessages] node_id=11741127549788843760
[92mINFO [0m:      [Fleet.PullMessages] node_id=15262126792370938338
[92mINFO [0m:      [Fleet.PullMessages] node_id=2434874171621193384
[92mINFO [0m:      [Fleet.PullMessages] node_id=4154389164809950881
[92mINFO [0m:      [Fleet.PullMessages] node_id=15262126792370938338
[92mINFO [0m:      [Fleet.PullMessages] node_id=11741127549788843760
[92mINFO [0m:      [Fleet.PullMessages] node_id=2434874171621193384
[92mINFO [0m:      [Fleet.PullMessages] node_id=4154389164809950881
[92mINFO [0m:      [Fleet.PullMessages] node_id=11741127549788843760
[92mINFO [0m:      [Fleet.PullMessages] node_id=15262126792370938338
[92mINFO [0m:      [Fleet.PullMessages] node_id=2434874171621193384
[92mINFO [0m:      [Fleet.PullMessages] node_id=4154389164809950881
[92mINFO [0m:      [Fleet.PullMessages] node_id=11741127549788843760
[92mINFO [0m:      [Fleet.PullMessages] node_id=15262126792370938338
[92mINFO [0m:      [Fleet.PullMessages] node_id=2434874171621193384
[92mINFO [0m:      [Fleet.PullMessages] node_id=4154389164809950881
[92mINFO [0m:      [Fleet.PullMessages] node_id=15262126792370938338
[92mINFO [0m:      [Fleet.PullMessages] node_id=11741127549788843760
[92mINFO [0m:      [Fleet.PullMessages] node_id=2434874171621193384
[92mINFO [0m:      [Fleet.PullMessages] node_id=4154389164809950881
[92mINFO [0m:      [Fleet.PullMessages] node_id=15262126792370938338
[92mINFO [0m:      [Fleet.PullMessages] node_id=11741127549788843760
[92mINFO [0m:      [Fleet.PullMessages] node_id=2434874171621193384
[92mINFO [0m:      [Fleet.PullMessages] node_id=4154389164809950881
[92mINFO [0m:      [Fleet.PullMessages] node_id=11741127549788843760
[92mINFO [0m:      [Fleet.PullMessages] node_id=15262126792370938338
[92mINFO [0m:      [Fleet.PullMessages] node_id=2434874171621193384
[92mINFO [0m:      [Fleet.PullMessages] node_id=4154389164809950881
[92mINFO [0m:      [Fleet.PullMessages] node_id=11741127549788843760
[92mINFO [0m:      [Fleet.PullMessages] node_id=15262126792370938338
[92mINFO [0m:      [Fleet.PullMessages] node_id=2434874171621193384
[92mINFO [0m:      [Fleet.PullMessages] node_id=4154389164809950881
[92mINFO [0m:      [Fleet.PullMessages] node_id=15262126792370938338
[92mINFO [0m:      [Fleet.PullMessages] node_id=11741127549788843760
[92mINFO [0m:      [Fleet.PullMessages] node_id=2434874171621193384
[92mINFO [0m:      [Fleet.PullMessages] node_id=4154389164809950881
[92mINFO [0m:      [Fleet.PullMessages] node_id=11741127549788843760
[92mINFO [0m:      [Fleet.PullMessages] node_id=15262126792370938338
[92mINFO [0m:      [Fleet.PullMessages] node_id=2434874171621193384
[92mINFO [0m:      [Fleet.PullMessages] node_id=4154389164809950881
[92mINFO [0m:      [Fleet.PullMessages] node_id=11741127549788843760
[92mINFO [0m:      [Fleet.PullMessages] node_id=15262126792370938338
[92mINFO [0m:      [Fleet.PullMessages] node_id=2434874171621193384
[92mINFO [0m:      [Fleet.PullMessages] node_id=4154389164809950881
[92mINFO [0m:      [Fleet.PullMessages] node_id=11741127549788843760
[92mINFO [0m:      [Fleet.PullMessages] node_id=15262126792370938338
[92mINFO [0m:      [Fleet.PullMessages] node_id=2434874171621193384
[92mINFO [0m:      [Fleet.PullMessages] node_id=4154389164809950881
[92mINFO [0m:      ControlServicer.StreamLogs
[92mINFO [0m:      [Fleet.PullMessages] node_id=11741127549788843760
[92mINFO [0m:      [Fleet.PullMessages] node_id=15262126792370938338
[92mINFO [0m:      [Fleet.PullMessages] node_id=2434874171621193384
[92mINFO [0m:      [Fleet.PullMessages] node_id=4154389164809950881
[92mINFO [0m:      [Fleet.PullMessages] node_id=15262126792370938338
[92mINFO [0m:      [Fleet.PullMessages] node_id=11741127549788843760
[92mINFO [0m:      [Fleet.PullMessages] node_id=2434874171621193384
[92mINFO [0m:      [Fleet.PullMessages] node_id=4154389164809950881
[92mINFO [0m:      [Fleet.PullMessages] node_id=11741127549788843760
[92mINFO [0m:      [Fleet.PullMessages] node_id=15262126792370938338
[92mINFO [0m:      [Fleet.PullMessages] node_id=2434874171621193384
[92mINFO [0m:      [Fleet.PullMessages] node_id=4154389164809950881
[92mINFO [0m:      [Fleet.PullMessages] node_id=15262126792370938338
[92mINFO [0m:      [Fleet.PullMessages] node_id=11741127549788843760
[92mINFO [0m:      [Fleet.PullMessages] node_id=2434874171621193384
[92mINFO [0m:      [Fleet.PullMessages] node_id=4154389164809950881
[92mINFO [0m:      [Fleet.PullMessages] node_id=15262126792370938338
[92mINFO [0m:      [Fleet.PullMessages] node_id=11741127549788843760
[92mINFO [0m:      [Fleet.PullMessages] node_id=2434874171621193384
[92mINFO [0m:      [Fleet.PullMessages] node_id=4154389164809950881
[92mINFO [0m:      [Fleet.PullMessages] node_id=15262126792370938338
[92mINFO [0m:      [Fleet.PullMessages] node_id=11741127549788843760
[92mINFO [0m:      [Fleet.PullMessages] node_id=2434874171621193384
[92mINFO [0m:      [Fleet.PullMessages] node_id=4154389164809950881
[92mINFO [0m:      [Fleet.PullMessages] node_id=15262126792370938338
[92mINFO [0m:      [Fleet.PullMessages] node_id=11741127549788843760
[92mINFO [0m:      [Fleet.PullMessages] node_id=2434874171621193384
[92mINFO [0m:      [Fleet.PullMessages] node_id=4154389164809950881
[92mINFO [0m:      [Fleet.PullMessages] node_id=15262126792370938338
[92mINFO [0m:      [Fleet.PullMessages] node_id=11741127549788843760
[92mINFO [0m:      [Fleet.PullMessages] node_id=2434874171621193384
[92mINFO [0m:      [Fleet.PullMessages] node_id=4154389164809950881
[92mINFO [0m:      [Fleet.PullMessages] node_id=15262126792370938338
[92mINFO [0m:      [Fleet.PullMessages] node_id=11741127549788843760
[92mINFO [0m:      [Fleet.PullMessages] node_id=2434874171621193384
[92mINFO [0m:      [Fleet.PullMessages] node_id=4154389164809950881
[92mINFO [0m:      [Fleet.PullMessages] node_id=15262126792370938338
[92mINFO [0m:      [Fleet.PullMessages] node_id=11741127549788843760
[92mINFO [0m:      [Fleet.PullMessages] node_id=2434874171621193384
[92mINFO [0m:      [Fleet.PullMessages] node_id=4154389164809950881
[92mINFO [0m:      [Fleet.PullMessages] node_id=15262126792370938338
[92mINFO [0m:      [Fleet.PullMessages] node_id=11741127549788843760
[92mINFO [0m:      [Fleet.PullMessages] node_id=2434874171621193384
[92mINFO [0m:      [Fleet.PullMessages] node_id=4154389164809950881
[92mINFO [0m:      [Fleet.PullMessages] node_id=15262126792370938338
[92mINFO [0m:      [Fleet.PullMessages] node_id=11741127549788843760
[92mINFO [0m:      [Fleet.PullMessages] node_id=2434874171621193384
[92mINFO [0m:      [Fleet.PullMessages] node_id=4154389164809950881
[92mINFO [0m:      [Fleet.PullMessages] node_id=11741127549788843760
[92mINFO [0m:      [Fleet.PullMessages] node_id=15262126792370938338
[92mINFO [0m:      [Fleet.PullMessages] node_id=2434874171621193384
[92mINFO [0m:      [Fleet.PullMessages] node_id=4154389164809950881
[92mINFO [0m:      [Fleet.PullMessages] node_id=11741127549788843760
[92mINFO [0m:      [Fleet.PullMessages] node_id=15262126792370938338
[92mINFO [0m:      [Fleet.PullMessages] node_id=2434874171621193384
[92mINFO [0m:      [Fleet.PullMessages] node_id=4154389164809950881
[92mINFO [0m:      [Fleet.PullMessages] node_id=11741127549788843760
[92mINFO [0m:      [Fleet.PullMessages] node_id=15262126792370938338
[92mINFO [0m:      [Fleet.PullMessages] node_id=2434874171621193384
[92mINFO [0m:      [Fleet.PullMessages] node_id=4154389164809950881
[92mINFO [0m:      [Fleet.PullMessages] node_id=11741127549788843760
[92mINFO [0m:      [Fleet.PullMessages] node_id=15262126792370938338
[92mINFO [0m:      [Fleet.PullMessages] node_id=2434874171621193384
[92mINFO [0m:      [Fleet.PullMessages] node_id=4154389164809950881
[92mINFO [0m:      [Fleet.PullMessages] node_id=11741127549788843760
[92mINFO [0m:      [Fleet.PullMessages] node_id=15262126792370938338
[92mINFO [0m:      [Fleet.PullMessages] node_id=2434874171621193384
[92mINFO [0m:      [Fleet.PullMessages] node_id=4154389164809950881
[92mINFO [0m:      [Fleet.PullMessages] node_id=11741127549788843760
[92mINFO [0m:      [Fleet.PullMessages] node_id=15262126792370938338
[92mINFO [0m:      [Fleet.PullMessages] node_id=2434874171621193384
[92mINFO [0m:      [Fleet.PullMessages] node_id=4154389164809950881
[92mINFO [0m:      [Fleet.PullMessages] node_id=11741127549788843760
[92mINFO [0m:      [Fleet.PullMessages] node_id=15262126792370938338
[92mINFO [0m:      [Fleet.PullMessages] node_id=2434874171621193384
[92mINFO [0m:      [Fleet.PullMessages] node_id=4154389164809950881
[92mINFO [0m:      [Fleet.PullMessages] node_id=11741127549788843760
[92mINFO [0m:      [Fleet.PullMessages] node_id=15262126792370938338
[92mINFO [0m:      [Fleet.PullMessages] node_id=2434874171621193384
[92mINFO [0m:      [Fleet.PullMessages] node_id=4154389164809950881
[92mINFO [0m:      ControlServicer.StreamLogs
[92mINFO [0m:      [Fleet.PullMessages] node_id=11741127549788843760
[92mINFO [0m:      [Fleet.PullMessages] node_id=15262126792370938338
[92mINFO [0m:      [Fleet.PullMessages] node_id=2434874171621193384
[92mINFO [0m:      [Fleet.PullMessages] node_id=4154389164809950881
[92mINFO [0m:      [Fleet.PullMessages] node_id=15262126792370938338
[92mINFO [0m:      [Fleet.PullMessages] node_id=11741127549788843760
[92mINFO [0m:      [Fleet.PullMessages] node_id=2434874171621193384
[92mINFO [0m:      [Fleet.PullMessages] node_id=4154389164809950881
[92mINFO [0m:      [Fleet.PullMessages] node_id=11741127549788843760
[92mINFO [0m:      [Fleet.PullMessages] node_id=15262126792370938338
[92mINFO [0m:      [Fleet.PullMessages] node_id=2434874171621193384
[92mINFO [0m:      [Fleet.PullMessages] node_id=4154389164809950881
[92mINFO [0m:      [Fleet.PullMessages] node_id=15262126792370938338
[92mINFO [0m:      [Fleet.PullMessages] node_id=11741127549788843760
[92mINFO [0m:      [Fleet.PullMessages] node_id=2434874171621193384
[92mINFO [0m:      [Fleet.PullMessages] node_id=4154389164809950881
[92mINFO [0m:      [Fleet.PullMessages] node_id=15262126792370938338
[92mINFO [0m:      [Fleet.PullMessages] node_id=11741127549788843760
[92mINFO [0m:      [Fleet.PullMessages] node_id=2434874171621193384
[92mINFO [0m:      [Fleet.PullMessages] node_id=4154389164809950881
[92mINFO [0m:      [Fleet.PullMessages] node_id=15262126792370938338
[92mINFO [0m:      [Fleet.PullMessages] node_id=11741127549788843760
[92mINFO [0m:      [Fleet.PullMessages] node_id=2434874171621193384
[92mINFO [0m:      [Fleet.PullMessages] node_id=4154389164809950881
[92mINFO [0m:      [Fleet.PullMessages] node_id=11741127549788843760
[92mINFO [0m:      [Fleet.PullMessages] node_id=15262126792370938338
[92mINFO [0m:      [Fleet.PullMessages] node_id=2434874171621193384
[92mINFO [0m:      [Fleet.PullMessages] node_id=4154389164809950881
[92mINFO [0m:      [Fleet.PullMessages] node_id=15262126792370938338
[92mINFO [0m:      [Fleet.PullMessages] node_id=11741127549788843760
[92mINFO [0m:      [Fleet.PullMessages] node_id=2434874171621193384
[92mINFO [0m:      [Fleet.PullMessages] node_id=4154389164809950881
[92mINFO [0m:      [Fleet.PullMessages] node_id=11741127549788843760
[92mINFO [0m:      [Fleet.PullMessages] node_id=15262126792370938338
[92mINFO [0m:      [Fleet.PullMessages] node_id=2434874171621193384
[92mINFO [0m:      [Fleet.PullMessages] node_id=4154389164809950881
[92mINFO [0m:      [Fleet.PullMessages] node_id=11741127549788843760
[92mINFO [0m:      [Fleet.PullMessages] node_id=15262126792370938338
[92mINFO [0m:      [Fleet.PullMessages] node_id=2434874171621193384
[92mINFO [0m:      [Fleet.PullMessages] node_id=4154389164809950881
[92mINFO [0m:      [Fleet.PullMessages] node_id=11741127549788843760
[92mINFO [0m:      [Fleet.PullMessages] node_id=15262126792370938338
[92mINFO [0m:      [Fleet.PullMessages] node_id=2434874171621193384
[92mINFO [0m:      [Fleet.PullMessages] node_id=4154389164809950881
[92mINFO [0m:      [Fleet.PullMessages] node_id=11741127549788843760
[92mINFO [0m:      [Fleet.PullMessages] node_id=15262126792370938338
[92mINFO [0m:      [Fleet.PullMessages] node_id=2434874171621193384
[92mINFO [0m:      [Fleet.PullMessages] node_id=4154389164809950881
[92mINFO [0m:      [Fleet.PullMessages] node_id=15262126792370938338
[92mINFO [0m:      [Fleet.PullMessages] node_id=11741127549788843760
[92mINFO [0m:      [Fleet.PullMessages] node_id=2434874171621193384
[92mINFO [0m:      [Fleet.PullMessages] node_id=4154389164809950881
[92mINFO [0m:      [Fleet.PullMessages] node_id=15262126792370938338
[92mINFO [0m:      [Fleet.PullMessages] node_id=11741127549788843760
[92mINFO [0m:      [Fleet.PullMessages] node_id=2434874171621193384
[92mINFO [0m:      [Fleet.PullMessages] node_id=4154389164809950881
[92mINFO [0m:      [Fleet.PullMessages] node_id=15262126792370938338
[92mINFO [0m:      [Fleet.PullMessages] node_id=11741127549788843760
[92mINFO [0m:      [Fleet.PullMessages] node_id=2434874171621193384
[92mINFO [0m:      [Fleet.PullMessages] node_id=4154389164809950881
[92mINFO [0m:      [Fleet.PullMessages] node_id=11741127549788843760
[92mINFO [0m:      [Fleet.PullMessages] node_id=15262126792370938338
[92mINFO [0m:      [Fleet.PullMessages] node_id=2434874171621193384
[92mINFO [0m:      [Fleet.PullMessages] node_id=4154389164809950881
[92mINFO [0m:      [Fleet.PullMessages] node_id=11741127549788843760
[92mINFO [0m:      [Fleet.PullMessages] node_id=15262126792370938338
[92mINFO [0m:      [Fleet.PullMessages] node_id=2434874171621193384
[92mINFO [0m:      [Fleet.PullMessages] node_id=4154389164809950881
[92mINFO [0m:      [Fleet.PullMessages] node_id=11741127549788843760
[92mINFO [0m:      [Fleet.PullMessages] node_id=15262126792370938338
[92mINFO [0m:      [Fleet.PullMessages] node_id=2434874171621193384
[92mINFO [0m:      [Fleet.PullMessages] node_id=4154389164809950881
[92mINFO [0m:      [Fleet.PullMessages] node_id=11741127549788843760
[92mINFO [0m:      [Fleet.PullMessages] node_id=15262126792370938338
[92mINFO [0m:      [Fleet.PullMessages] node_id=2434874171621193384
[92mINFO [0m:      [Fleet.PullMessages] node_id=4154389164809950881
[92mINFO [0m:      [Fleet.PullMessages] node_id=15262126792370938338
[92mINFO [0m:      [Fleet.PullMessages] node_id=11741127549788843760
[92mINFO [0m:      [Fleet.PullMessages] node_id=2434874171621193384
[92mINFO [0m:      [Fleet.PullMessages] node_id=4154389164809950881
[92mINFO [0m:      ControlServicer.StreamLogs
[92mINFO [0m:      [Fleet.PullMessages] node_id=15262126792370938338
[92mINFO [0m:      [Fleet.PullMessages] node_id=11741127549788843760
[92mINFO [0m:      [Fleet.PullMessages] node_id=2434874171621193384
[92mINFO [0m:      [Fleet.PullMessages] node_id=4154389164809950881
[92mINFO [0m:      [Fleet.PullMessages] node_id=11741127549788843760
[92mINFO [0m:      [Fleet.PullMessages] node_id=15262126792370938338
[92mINFO [0m:      [Fleet.PullMessages] node_id=2434874171621193384
[92mINFO [0m:      [Fleet.PullMessages] node_id=4154389164809950881
[92mINFO [0m:      [Fleet.PullMessages] node_id=11741127549788843760
[92mINFO [0m:      [Fleet.PullMessages] node_id=15262126792370938338
[92mINFO [0m:      [Fleet.PullMessages] node_id=2434874171621193384
[92mINFO [0m:      [Fleet.PullMessages] node_id=4154389164809950881
[92mINFO [0m:      [Fleet.PullMessages] node_id=15262126792370938338
[92mINFO [0m:      [Fleet.PullMessages] node_id=11741127549788843760
[92mINFO [0m:      [Fleet.PullMessages] node_id=2434874171621193384
[92mINFO [0m:      [Fleet.PullMessages] node_id=4154389164809950881
[92mINFO [0m:      [Fleet.PullMessages] node_id=15262126792370938338
[92mINFO [0m:      [Fleet.PullMessages] node_id=11741127549788843760
[92mINFO [0m:      [Fleet.PullMessages] node_id=2434874171621193384
[92mINFO [0m:      [Fleet.PullMessages] node_id=4154389164809950881
[92mINFO [0m:      [Fleet.PullMessages] node_id=15262126792370938338
[92mINFO [0m:      [Fleet.PullMessages] node_id=11741127549788843760
[92mINFO [0m:      [Fleet.PullMessages] node_id=2434874171621193384
[92mINFO [0m:      [Fleet.PullMessages] node_id=4154389164809950881
[92mINFO [0m:      [Fleet.PullMessages] node_id=11741127549788843760
[92mINFO [0m:      [Fleet.PullMessages] node_id=15262126792370938338
[92mINFO [0m:      [Fleet.PullMessages] node_id=2434874171621193384
[92mINFO [0m:      [Fleet.PullMessages] node_id=4154389164809950881
[92mINFO [0m:      [Fleet.PullMessages] node_id=11741127549788843760
[92mINFO [0m:      [Fleet.PullMessages] node_id=15262126792370938338
[92mINFO [0m:      [Fleet.PullMessages] node_id=2434874171621193384
[92mINFO [0m:      [Fleet.PullMessages] node_id=4154389164809950881
[92mINFO [0m:      [Fleet.PullMessages] node_id=15262126792370938338
[92mINFO [0m:      [Fleet.PullMessages] node_id=11741127549788843760
[92mINFO [0m:      [Fleet.PullMessages] node_id=2434874171621193384
[92mINFO [0m:      [Fleet.PullMessages] node_id=4154389164809950881
[92mINFO [0m:      [Fleet.PullMessages] node_id=11741127549788843760
[92mINFO [0m:      [Fleet.PullMessages] node_id=15262126792370938338
[92mINFO [0m:      [Fleet.PullMessages] node_id=2434874171621193384
[92mINFO [0m:      [Fleet.PullMessages] node_id=4154389164809950881
[92mINFO [0m:      [Fleet.PullMessages] node_id=11741127549788843760
[92mINFO [0m:      [Fleet.PullMessages] node_id=15262126792370938338
[92mINFO [0m:      [Fleet.PullMessages] node_id=2434874171621193384
[92mINFO [0m:      [Fleet.PullMessages] node_id=4154389164809950881
[92mINFO [0m:      [Fleet.PullMessages] node_id=11741127549788843760
[92mINFO [0m:      [Fleet.PullMessages] node_id=15262126792370938338
[92mINFO [0m:      [Fleet.PullMessages] node_id=2434874171621193384
[92mINFO [0m:      [Fleet.PullMessages] node_id=4154389164809950881
[92mINFO [0m:      [Fleet.PullMessages] node_id=11741127549788843760
[92mINFO [0m:      [Fleet.PullMessages] node_id=15262126792370938338
[92mINFO [0m:      [Fleet.PullMessages] node_id=2434874171621193384
[92mINFO [0m:      [Fleet.PullMessages] node_id=4154389164809950881
[92mINFO [0m:      [Fleet.PullMessages] node_id=11741127549788843760
[92mINFO [0m:      [Fleet.PullMessages] node_id=15262126792370938338
[92mINFO [0m:      [Fleet.PullMessages] node_id=2434874171621193384
[92mINFO [0m:      [Fleet.PullMessages] node_id=4154389164809950881
[92mINFO [0m:      [Fleet.PullMessages] node_id=15262126792370938338
[92mINFO [0m:      [Fleet.PullMessages] node_id=11741127549788843760
[92mINFO [0m:      [Fleet.PullMessages] node_id=2434874171621193384
[92mINFO [0m:      [Fleet.PullMessages] node_id=4154389164809950881
[92mINFO [0m:      [Fleet.PullMessages] node_id=11741127549788843760
[92mINFO [0m:      [Fleet.PullMessages] node_id=15262126792370938338
[92mINFO [0m:      [Fleet.PullMessages] node_id=2434874171621193384
[92mINFO [0m:      [Fleet.PullMessages] node_id=4154389164809950881
[92mINFO [0m:      [Fleet.PullMessages] node_id=11741127549788843760
[92mINFO [0m:      [Fleet.PullMessages] node_id=15262126792370938338
[92mINFO [0m:      [Fleet.PullMessages] node_id=2434874171621193384
[92mINFO [0m:      [Fleet.PullMessages] node_id=4154389164809950881
[92mINFO [0m:      [Fleet.PullMessages] node_id=15262126792370938338
[92mINFO [0m:      [Fleet.PullMessages] node_id=11741127549788843760
[92mINFO [0m:      [Fleet.PullMessages] node_id=2434874171621193384
[92mINFO [0m:      [Fleet.PullMessages] node_id=4154389164809950881
[92mINFO [0m:      [Fleet.PullMessages] node_id=15262126792370938338
[92mINFO [0m:      [Fleet.PullMessages] node_id=11741127549788843760
[92mINFO [0m:      [Fleet.PullMessages] node_id=2434874171621193384
[92mINFO [0m:      [Fleet.PullMessages] node_id=4154389164809950881
[92mINFO [0m:      [Fleet.PullMessages] node_id=11741127549788843760
[92mINFO [0m:      [Fleet.PullMessages] node_id=15262126792370938338
[92mINFO [0m:      [Fleet.PullMessages] node_id=2434874171621193384
[92mINFO [0m:      [Fleet.PullMessages] node_id=4154389164809950881
[92mINFO [0m:      [Fleet.PullMessages] node_id=11741127549788843760
[92mINFO [0m:      [Fleet.PullMessages] node_id=15262126792370938338
[92mINFO [0m:      ControlServicer.StreamLogs
[92mINFO [0m:      [Fleet.PullMessages] node_id=2434874171621193384
[92mINFO [0m:      [Fleet.PullMessages] node_id=4154389164809950881
[92mINFO [0m:      [Fleet.PullMessages] node_id=15262126792370938338
[92mINFO [0m:      [Fleet.PullMessages] node_id=11741127549788843760
[92mINFO [0m:      [Fleet.PullMessages] node_id=2434874171621193384
[92mINFO [0m:      [Fleet.PullMessages] node_id=4154389164809950881
[92mINFO [0m:      [Fleet.PullMessages] node_id=11741127549788843760
[92mINFO [0m:      [Fleet.PullMessages] node_id=15262126792370938338
[92mINFO [0m:      [Fleet.PullMessages] node_id=2434874171621193384
[92mINFO [0m:      [Fleet.PullMessages] node_id=4154389164809950881
[92mINFO [0m:      [Fleet.PullMessages] node_id=11741127549788843760
[92mINFO [0m:      [Fleet.PullMessages] node_id=15262126792370938338
[92mINFO [0m:      [Fleet.PullMessages] node_id=2434874171621193384
[92mINFO [0m:      [Fleet.PullMessages] node_id=4154389164809950881
[92mINFO [0m:      [Fleet.PullMessages] node_id=15262126792370938338
[92mINFO [0m:      [Fleet.PullMessages] node_id=11741127549788843760
[92mINFO [0m:      [Fleet.PullMessages] node_id=2434874171621193384
[92mINFO [0m:      [Fleet.PullMessages] node_id=4154389164809950881
[92mINFO [0m:      [Fleet.PullMessages] node_id=11741127549788843760
[92mINFO [0m:      [Fleet.PullMessages] node_id=15262126792370938338
[92mINFO [0m:      [Fleet.PullMessages] node_id=2434874171621193384
[92mINFO [0m:      [Fleet.PullMessages] node_id=4154389164809950881
[92mINFO [0m:      [Fleet.PullMessages] node_id=11741127549788843760
[92mINFO [0m:      [Fleet.PullMessages] node_id=15262126792370938338
[92mINFO [0m:      [Fleet.PullMessages] node_id=2434874171621193384
[92mINFO [0m:      [Fleet.PullMessages] node_id=4154389164809950881
[92mINFO [0m:      [Fleet.PullMessages] node_id=15262126792370938338
[92mINFO [0m:      [Fleet.PullMessages] node_id=11741127549788843760
[92mINFO [0m:      [Fleet.PullMessages] node_id=2434874171621193384
[92mINFO [0m:      [Fleet.PullMessages] node_id=4154389164809950881
[92mINFO [0m:      [Fleet.PullMessages] node_id=11741127549788843760
[92mINFO [0m:      [Fleet.PullMessages] node_id=15262126792370938338
[92mINFO [0m:      [Fleet.PullMessages] node_id=2434874171621193384
[92mINFO [0m:      [Fleet.PullMessages] node_id=4154389164809950881
[92mINFO [0m:      [Fleet.PullMessages] node_id=11741127549788843760
[92mINFO [0m:      [Fleet.PullMessages] node_id=15262126792370938338
[92mINFO [0m:      [Fleet.PullMessages] node_id=2434874171621193384
[92mINFO [0m:      [Fleet.PullMessages] node_id=4154389164809950881
[92mINFO [0m:      [Fleet.PullMessages] node_id=11741127549788843760
[92mINFO [0m:      [Fleet.PullMessages] node_id=15262126792370938338
[92mINFO [0m:      [Fleet.PullMessages] node_id=2434874171621193384
[92mINFO [0m:      [Fleet.PullMessages] node_id=4154389164809950881
[92mINFO [0m:      [Fleet.PullMessages] node_id=11741127549788843760
[92mINFO [0m:      [Fleet.PullMessages] node_id=15262126792370938338
[92mINFO [0m:      [Fleet.PullMessages] node_id=2434874171621193384
[92mINFO [0m:      [Fleet.PullMessages] node_id=4154389164809950881
[92mINFO [0m:      [Fleet.PullMessages] node_id=15262126792370938338
[92mINFO [0m:      [Fleet.PullMessages] node_id=11741127549788843760
[92mINFO [0m:      [Fleet.PullMessages] node_id=2434874171621193384
[92mINFO [0m:      [Fleet.PullMessages] node_id=4154389164809950881
[92mINFO [0m:      [Fleet.PullMessages] node_id=15262126792370938338
[92mINFO [0m:      [Fleet.PullMessages] node_id=11741127549788843760
[92mINFO [0m:      [Fleet.PullMessages] node_id=2434874171621193384
[92mINFO [0m:      [Fleet.PullMessages] node_id=4154389164809950881
[92mINFO [0m:      [Fleet.PullMessages] node_id=11741127549788843760
[92mINFO [0m:      [Fleet.PullMessages] node_id=15262126792370938338
[92mINFO [0m:      [Fleet.PullMessages] node_id=2434874171621193384
[92mINFO [0m:      [Fleet.PullMessages] node_id=4154389164809950881
[92mINFO [0m:      [Fleet.PullMessages] node_id=11741127549788843760
[92mINFO [0m:      [Fleet.PullMessages] node_id=15262126792370938338
[92mINFO [0m:      [Fleet.PullMessages] node_id=2434874171621193384
[92mINFO [0m:      [Fleet.PullMessages] node_id=4154389164809950881
[92mINFO [0m:      [Fleet.PullMessages] node_id=15262126792370938338
[92mINFO [0m:      [Fleet.PullMessages] node_id=11741127549788843760
[92mINFO [0m:      [Fleet.PullMessages] node_id=2434874171621193384
[92mINFO [0m:      [Fleet.PullMessages] node_id=4154389164809950881
[92mINFO [0m:      [Fleet.PullMessages] node_id=11741127549788843760
[92mINFO [0m:      [Fleet.PullMessages] node_id=15262126792370938338
[92mINFO [0m:      [Fleet.PullMessages] node_id=2434874171621193384
[92mINFO [0m:      [Fleet.PullMessages] node_id=4154389164809950881
[92mINFO [0m:      [Fleet.PullMessages] node_id=15262126792370938338
[92mINFO [0m:      [Fleet.PullMessages] node_id=11741127549788843760
[92mINFO [0m:      [Fleet.PullMessages] node_id=2434874171621193384
[92mINFO [0m:      [Fleet.PullMessages] node_id=4154389164809950881
[92mINFO [0m:      [Fleet.PullMessages] node_id=15262126792370938338
[92mINFO [0m:      [Fleet.PullMessages] node_id=11741127549788843760
[92mINFO [0m:      [Fleet.PullMessages] node_id=2434874171621193384
[92mINFO [0m:      [Fleet.PullMessages] node_id=4154389164809950881
[92mINFO [0m:      [Fleet.PullMessages] node_id=15262126792370938338
[92mINFO [0m:      [Fleet.PullMessages] node_id=11741127549788843760
[92mINFO [0m:      ControlServicer.StreamLogs
[92mINFO [0m:      [Fleet.PullMessages] node_id=2434874171621193384
[92mINFO [0m:      [Fleet.PullMessages] node_id=4154389164809950881
[92mINFO [0m:      [Fleet.PullMessages] node_id=11741127549788843760
[92mINFO [0m:      [Fleet.PullMessages] node_id=15262126792370938338
[92mINFO [0m:      [Fleet.PullMessages] node_id=2434874171621193384
[92mINFO [0m:      [Fleet.PullMessages] node_id=4154389164809950881
[92mINFO [0m:      [Fleet.PullMessages] node_id=11741127549788843760
[92mINFO [0m:      [Fleet.PullMessages] node_id=15262126792370938338
[92mINFO [0m:      [Fleet.PullMessages] node_id=2434874171621193384
[92mINFO [0m:      [Fleet.PullMessages] node_id=4154389164809950881
[92mINFO [0m:      [Fleet.PullMessages] node_id=15262126792370938338
[92mINFO [0m:      [Fleet.PullMessages] node_id=11741127549788843760
[92mINFO [0m:      [Fleet.PullMessages] node_id=2434874171621193384
[92mINFO [0m:      [Fleet.PullMessages] node_id=4154389164809950881
[92mINFO [0m:      [Fleet.PullMessages] node_id=15262126792370938338
[92mINFO [0m:      [Fleet.PullMessages] node_id=11741127549788843760
[92mINFO [0m:      [Fleet.PullMessages] node_id=2434874171621193384
[92mINFO [0m:      [Fleet.PullMessages] node_id=4154389164809950881
[92mINFO [0m:      [Fleet.PullMessages] node_id=15262126792370938338
[92mINFO [0m:      [Fleet.PullMessages] node_id=11741127549788843760
[92mINFO [0m:      [Fleet.PullMessages] node_id=2434874171621193384
[92mINFO [0m:      [Fleet.PullMessages] node_id=4154389164809950881
[92mINFO [0m:      [Fleet.PullMessages] node_id=11741127549788843760
[92mINFO [0m:      [Fleet.PullMessages] node_id=15262126792370938338
[92mINFO [0m:      [Fleet.PullMessages] node_id=4154389164809950881
[92mINFO [0m:      [Fleet.PullMessages] node_id=2434874171621193384
[92mINFO [0m:      [Fleet.PullMessages] node_id=15262126792370938338
[92mINFO [0m:      [Fleet.PullMessages] node_id=11741127549788843760
[92mINFO [0m:      [Fleet.PullMessages] node_id=4154389164809950881
[92mINFO [0m:      [Fleet.PullMessages] node_id=2434874171621193384
[92mINFO [0m:      [Fleet.PullMessages] node_id=11741127549788843760
[92mINFO [0m:      [Fleet.PullMessages] node_id=15262126792370938338
[92mINFO [0m:      [Fleet.PullMessages] node_id=4154389164809950881
[92mINFO [0m:      [Fleet.PullMessages] node_id=2434874171621193384
[92mINFO [0m:      [Fleet.PullMessages] node_id=15262126792370938338
[92mINFO [0m:      [Fleet.PullMessages] node_id=11741127549788843760
[92mINFO [0m:      [Fleet.PullMessages] node_id=4154389164809950881
[92mINFO [0m:      [Fleet.PullMessages] node_id=2434874171621193384
[92mINFO [0m:      [Fleet.PullMessages] node_id=11741127549788843760
[92mINFO [0m:      [Fleet.PullMessages] node_id=15262126792370938338
[92mINFO [0m:      [Fleet.PullMessages] node_id=2434874171621193384
[92mINFO [0m:      [Fleet.PullMessages] node_id=4154389164809950881
[92mINFO [0m:      [Fleet.PullMessages] node_id=11741127549788843760
[92mINFO [0m:      [Fleet.PullMessages] node_id=15262126792370938338
[92mINFO [0m:      [Fleet.PullMessages] node_id=2434874171621193384
[92mINFO [0m:      [Fleet.PullMessages] node_id=4154389164809950881
[92mINFO [0m:      [Fleet.PullMessages] node_id=11741127549788843760
[92mINFO [0m:      [Fleet.PullMessages] node_id=15262126792370938338
[92mINFO [0m:      [Fleet.PullMessages] node_id=2434874171621193384
[92mINFO [0m:      [Fleet.PullMessages] node_id=4154389164809950881
[92mINFO [0m:      [Fleet.PullMessages] node_id=11741127549788843760
[92mINFO [0m:      [Fleet.PullMessages] node_id=15262126792370938338
[92mINFO [0m:      [Fleet.PullMessages] node_id=2434874171621193384
[92mINFO [0m:      [Fleet.PullMessages] node_id=4154389164809950881
[92mINFO [0m:      [Fleet.PullMessages] node_id=15262126792370938338
[92mINFO [0m:      [Fleet.PullMessages] node_id=11741127549788843760
[92mINFO [0m:      [Fleet.PullMessages] node_id=2434874171621193384
[92mINFO [0m:      [Fleet.PullMessages] node_id=4154389164809950881
[92mINFO [0m:      [Fleet.PullMessages] node_id=15262126792370938338
[92mINFO [0m:      [Fleet.PullMessages] node_id=11741127549788843760
[92mINFO [0m:      [Fleet.PullMessages] node_id=4154389164809950881
[92mINFO [0m:      [Fleet.PullMessages] node_id=2434874171621193384
[92mINFO [0m:      [Fleet.PullMessages] node_id=15262126792370938338
[92mINFO [0m:      [Fleet.PullMessages] node_id=11741127549788843760
[92mINFO [0m:      [Fleet.PullMessages] node_id=2434874171621193384
[92mINFO [0m:      [Fleet.PullMessages] node_id=4154389164809950881
[92mINFO [0m:      [Fleet.PullMessages] node_id=11741127549788843760
[92mINFO [0m:      [Fleet.PullMessages] node_id=15262126792370938338
[92mINFO [0m:      [Fleet.PullMessages] node_id=2434874171621193384
[92mINFO [0m:      [Fleet.PullMessages] node_id=4154389164809950881
[92mINFO [0m:      [Fleet.PullMessages] node_id=15262126792370938338
[92mINFO [0m:      [Fleet.PullMessages] node_id=11741127549788843760
[92mINFO [0m:      [Fleet.PullMessages] node_id=2434874171621193384
[92mINFO [0m:      [Fleet.PullMessages] node_id=4154389164809950881
[92mINFO [0m:      [Fleet.PullMessages] node_id=11741127549788843760
[92mINFO [0m:      [Fleet.PullMessages] node_id=15262126792370938338
[92mINFO [0m:      [Fleet.PullMessages] node_id=4154389164809950881
[92mINFO [0m:      [Fleet.PullMessages] node_id=2434874171621193384
[92mINFO [0m:      [Fleet.PullMessages] node_id=11741127549788843760
[92mINFO [0m:      [Fleet.PullMessages] node_id=15262126792370938338
[92mINFO [0m:      ControlServicer.StreamLogs
[92mINFO [0m:      [Fleet.PullMessages] node_id=2434874171621193384
[92mINFO [0m:      [Fleet.PullMessages] node_id=4154389164809950881
[92mINFO [0m:      [Fleet.PullMessages] node_id=15262126792370938338
[92mINFO [0m:      [Fleet.PullMessages] node_id=11741127549788843760
[92mINFO [0m:      [Fleet.PullMessages] node_id=4154389164809950881
[92mINFO [0m:      [Fleet.PullMessages] node_id=2434874171621193384
[92mINFO [0m:      [Fleet.PullMessages] node_id=15262126792370938338
[92mINFO [0m:      [Fleet.PullMessages] node_id=11741127549788843760
[92mINFO [0m:      [Fleet.PullMessages] node_id=4154389164809950881
[92mINFO [0m:      [Fleet.PullMessages] node_id=2434874171621193384
[92mINFO [0m:      [Fleet.PullMessages] node_id=11741127549788843760
[92mINFO [0m:      [Fleet.PullMessages] node_id=15262126792370938338
[92mINFO [0m:      [Fleet.PullMessages] node_id=2434874171621193384
[92mINFO [0m:      [Fleet.PullMessages] node_id=4154389164809950881
[92mINFO [0m:      [Fleet.PullMessages] node_id=11741127549788843760
[92mINFO [0m:      [Fleet.PullMessages] node_id=15262126792370938338
[92mINFO [0m:      [Fleet.PullMessages] node_id=4154389164809950881
[92mINFO [0m:      [Fleet.PullMessages] node_id=2434874171621193384
[92mINFO [0m:      [Fleet.PullMessages] node_id=11741127549788843760
[92mINFO [0m:      [Fleet.PullMessages] node_id=15262126792370938338
[92mINFO [0m:      [Fleet.PullMessages] node_id=4154389164809950881
[92mINFO [0m:      [Fleet.PullMessages] node_id=2434874171621193384
[92mINFO [0m:      [Fleet.PullMessages] node_id=11741127549788843760
[92mINFO [0m:      [Fleet.PullMessages] node_id=15262126792370938338
[92mINFO [0m:      [Fleet.PullMessages] node_id=2434874171621193384
[92mINFO [0m:      [Fleet.PullMessages] node_id=4154389164809950881
[92mINFO [0m:      [Fleet.PullMessages] node_id=15262126792370938338
[92mINFO [0m:      [Fleet.PullMessages] node_id=11741127549788843760
[92mINFO [0m:      [Fleet.PullMessages] node_id=4154389164809950881
[92mINFO [0m:      [Fleet.PullMessages] node_id=2434874171621193384
[92mINFO [0m:      [Fleet.PullMessages] node_id=15262126792370938338
[92mINFO [0m:      [Fleet.PullMessages] node_id=11741127549788843760
[92mINFO [0m:      [Fleet.PullMessages] node_id=4154389164809950881
[92mINFO [0m:      [Fleet.PullMessages] node_id=2434874171621193384
[92mINFO [0m:      [Fleet.PullMessages] node_id=15262126792370938338
[92mINFO [0m:      [Fleet.PullMessages] node_id=11741127549788843760
[92mINFO [0m:      [Fleet.PullMessages] node_id=4154389164809950881
[92mINFO [0m:      [Fleet.PullMessages] node_id=2434874171621193384
[92mINFO [0m:      [Fleet.PullMessages] node_id=15262126792370938338
[92mINFO [0m:      [Fleet.PullMessages] node_id=11741127549788843760
[92mINFO [0m:      [Fleet.PullMessages] node_id=4154389164809950881
[92mINFO [0m:      [Fleet.PullMessages] node_id=2434874171621193384
[92mINFO [0m:      [Fleet.PullMessages] node_id=11741127549788843760
[92mINFO [0m:      [Fleet.PullMessages] node_id=15262126792370938338
[92mINFO [0m:      [Fleet.PullMessages] node_id=2434874171621193384
[92mINFO [0m:      [Fleet.PullMessages] node_id=4154389164809950881
[92mINFO [0m:      [Fleet.PullMessages] node_id=11741127549788843760
[92mINFO [0m:      [Fleet.PullMessages] node_id=15262126792370938338
[92mINFO [0m:      [Fleet.PullMessages] node_id=2434874171621193384
[92mINFO [0m:      [Fleet.PullMessages] node_id=4154389164809950881
[92mINFO [0m:      [Fleet.PullMessages] node_id=15262126792370938338
[92mINFO [0m:      [Fleet.PullMessages] node_id=11741127549788843760
[92mINFO [0m:      [Fleet.PullMessages] node_id=4154389164809950881
[92mINFO [0m:      [Fleet.PullMessages] node_id=2434874171621193384
[92mINFO [0m:      [Fleet.PullMessages] node_id=11741127549788843760
[92mINFO [0m:      [Fleet.PullMessages] node_id=15262126792370938338
[92mINFO [0m:      [Fleet.PullMessages] node_id=2434874171621193384
[92mINFO [0m:      [Fleet.PullMessages] node_id=4154389164809950881
[92mINFO [0m:      [Fleet.PullMessages] node_id=15262126792370938338
[92mINFO [0m:      [Fleet.PullMessages] node_id=11741127549788843760
[92mINFO [0m:      [Fleet.PullMessages] node_id=2434874171621193384
[92mINFO [0m:      [Fleet.PullMessages] node_id=4154389164809950881
[92mINFO [0m:      [Fleet.PullMessages] node_id=15262126792370938338
[92mINFO [0m:      [Fleet.PullMessages] node_id=11741127549788843760
[92mINFO [0m:      [Fleet.PullMessages] node_id=2434874171621193384
[92mINFO [0m:      [Fleet.PullMessages] node_id=4154389164809950881
[92mINFO [0m:      [Fleet.PullMessages] node_id=11741127549788843760
[92mINFO [0m:      [Fleet.PullMessages] node_id=15262126792370938338
[92mINFO [0m:      [Fleet.PullMessages] node_id=2434874171621193384
[92mINFO [0m:      [Fleet.PullMessages] node_id=4154389164809950881
[92mINFO [0m:      [Fleet.PullMessages] node_id=15262126792370938338
[92mINFO [0m:      [Fleet.PullMessages] node_id=11741127549788843760
[92mINFO [0m:      [Fleet.PullMessages] node_id=2434874171621193384
[92mINFO [0m:      [Fleet.PullMessages] node_id=4154389164809950881
[92mINFO [0m:      [Fleet.PullMessages] node_id=11741127549788843760
[92mINFO [0m:      [Fleet.PullMessages] node_id=15262126792370938338
[92mINFO [0m:      [Fleet.PullMessages] node_id=2434874171621193384
[92mINFO [0m:      [Fleet.PullMessages] node_id=4154389164809950881
[92mINFO [0m:      [Fleet.PullMessages] node_id=15262126792370938338
[92mINFO [0m:      [Fleet.PullMessages] node_id=11741127549788843760
[92mINFO [0m:      ControlServicer.StreamLogs
[92mINFO [0m:      [Fleet.PullMessages] node_id=2434874171621193384
[92mINFO [0m:      [Fleet.PullMessages] node_id=4154389164809950881
[92mINFO [0m:      [Fleet.PullMessages] node_id=11741127549788843760
[92mINFO [0m:      [Fleet.PullMessages] node_id=15262126792370938338
[92mINFO [0m:      [Fleet.PullMessages] node_id=4154389164809950881
[92mINFO [0m:      [Fleet.PullMessages] node_id=2434874171621193384
[92mINFO [0m:      [Fleet.PullMessages] node_id=11741127549788843760
[92mINFO [0m:      [Fleet.PullMessages] node_id=15262126792370938338
[92mINFO [0m:      [Fleet.PullMessages] node_id=2434874171621193384
[92mINFO [0m:      [Fleet.PullMessages] node_id=4154389164809950881
[92mINFO [0m:      [Fleet.PullMessages] node_id=15262126792370938338
[92mINFO [0m:      [Fleet.PullMessages] node_id=11741127549788843760
[92mINFO [0m:      [Fleet.PullMessages] node_id=4154389164809950881
[92mINFO [0m:      [Fleet.PullMessages] node_id=2434874171621193384
[92mINFO [0m:      [Fleet.PullMessages] node_id=15262126792370938338
[92mINFO [0m:      [Fleet.PullMessages] node_id=11741127549788843760
[92mINFO [0m:      [Fleet.PullMessages] node_id=4154389164809950881
[92mINFO [0m:      [Fleet.PullMessages] node_id=2434874171621193384
[92mINFO [0m:      [Fleet.PullMessages] node_id=11741127549788843760
[92mINFO [0m:      [Fleet.PullMessages] node_id=15262126792370938338
[92mINFO [0m:      [Fleet.PullMessages] node_id=4154389164809950881
[92mINFO [0m:      [Fleet.PullMessages] node_id=2434874171621193384
[92mINFO [0m:      [Fleet.PullMessages] node_id=11741127549788843760
[92mINFO [0m:      [Fleet.PullMessages] node_id=15262126792370938338
[92mINFO [0m:      [Fleet.PullMessages] node_id=2434874171621193384
[92mINFO [0m:      [Fleet.PullMessages] node_id=4154389164809950881
[92mINFO [0m:      [Fleet.PullMessages] node_id=15262126792370938338
[92mINFO [0m:      [Fleet.PullMessages] node_id=11741127549788843760
[92mINFO [0m:      [Fleet.PullMessages] node_id=2434874171621193384
[92mINFO [0m:      [Fleet.PullMessages] node_id=4154389164809950881
[92mINFO [0m:      [Fleet.PullMessages] node_id=11741127549788843760
[92mINFO [0m:      [Fleet.PullMessages] node_id=15262126792370938338
[92mINFO [0m:      [Fleet.PullMessages] node_id=2434874171621193384
[92mINFO [0m:      [Fleet.PullMessages] node_id=4154389164809950881
[92mINFO [0m:      [Fleet.PullMessages] node_id=11741127549788843760
[92mINFO [0m:      [Fleet.PullMessages] node_id=15262126792370938338
[92mINFO [0m:      [Fleet.PullMessages] node_id=4154389164809950881
[92mINFO [0m:      [Fleet.PullMessages] node_id=2434874171621193384
[92mINFO [0m:      [Fleet.PullMessages] node_id=11741127549788843760
[92mINFO [0m:      [Fleet.PullMessages] node_id=15262126792370938338
[92mINFO [0m:      [Fleet.PullMessages] node_id=2434874171621193384
[92mINFO [0m:      [Fleet.PullMessages] node_id=4154389164809950881
[92mINFO [0m:      [Fleet.PullMessages] node_id=15262126792370938338
[92mINFO [0m:      [Fleet.PullMessages] node_id=11741127549788843760
[92mINFO [0m:      [Fleet.PullMessages] node_id=4154389164809950881
[92mINFO [0m:      [Fleet.PullMessages] node_id=2434874171621193384
[92mINFO [0m:      [Fleet.PullMessages] node_id=11741127549788843760
[92mINFO [0m:      [Fleet.PullMessages] node_id=15262126792370938338
[92mINFO [0m:      [Fleet.PullMessages] node_id=4154389164809950881
[92mINFO [0m:      [Fleet.PullMessages] node_id=2434874171621193384
[92mINFO [0m:      [Fleet.PullMessages] node_id=15262126792370938338
[92mINFO [0m:      [Fleet.PullMessages] node_id=11741127549788843760
[92mINFO [0m:      [Fleet.PullMessages] node_id=4154389164809950881
[92mINFO [0m:      [Fleet.PullMessages] node_id=2434874171621193384
[92mINFO [0m:      [Fleet.PullMessages] node_id=11741127549788843760
[92mINFO [0m:      [Fleet.PullMessages] node_id=15262126792370938338
[92mINFO [0m:      [Fleet.PullMessages] node_id=2434874171621193384
[92mINFO [0m:      [Fleet.PullMessages] node_id=4154389164809950881
[92mINFO [0m:      [Fleet.PullMessages] node_id=11741127549788843760
[92mINFO [0m:      [Fleet.PullMessages] node_id=15262126792370938338
[92mINFO [0m:      [Fleet.PullMessages] node_id=2434874171621193384
[92mINFO [0m:      [Fleet.PullMessages] node_id=4154389164809950881
[92mINFO [0m:      [Fleet.PullMessages] node_id=11741127549788843760
[92mINFO [0m:      [Fleet.PullMessages] node_id=15262126792370938338
[92mINFO [0m:      [Fleet.PullMessages] node_id=2434874171621193384
[92mINFO [0m:      [Fleet.PullMessages] node_id=4154389164809950881
[92mINFO [0m:      [Fleet.PullMessages] node_id=11741127549788843760
[92mINFO [0m:      [Fleet.PullMessages] node_id=15262126792370938338
[92mINFO [0m:      [Fleet.PullMessages] node_id=2434874171621193384
[92mINFO [0m:      [Fleet.PullMessages] node_id=4154389164809950881
[92mINFO [0m:      [Fleet.PullMessages] node_id=15262126792370938338
[92mINFO [0m:      [Fleet.PullMessages] node_id=11741127549788843760
[92mINFO [0m:      [Fleet.PullMessages] node_id=2434874171621193384
[92mINFO [0m:      [Fleet.PullMessages] node_id=4154389164809950881
[92mINFO [0m:      [Fleet.PullMessages] node_id=11741127549788843760
[92mINFO [0m:      [Fleet.PullMessages] node_id=15262126792370938338
[92mINFO [0m:      [Fleet.PullMessages] node_id=2434874171621193384
[92mINFO [0m:      [Fleet.PullMessages] node_id=4154389164809950881
[92mINFO [0m:      [Fleet.PullMessages] node_id=15262126792370938338
[92mINFO [0m:      [Fleet.PullMessages] node_id=11741127549788843760
[92mINFO [0m:      ControlServicer.StreamLogs
[92mINFO [0m:      [Fleet.PullMessages] node_id=2434874171621193384
[92mINFO [0m:      [Fleet.PullMessages] node_id=4154389164809950881
[92mINFO [0m:      [Fleet.PullMessages] node_id=11741127549788843760
[92mINFO [0m:      [Fleet.PullMessages] node_id=15262126792370938338
[92mINFO [0m:      [Fleet.PullMessages] node_id=4154389164809950881
[92mINFO [0m:      [Fleet.PullMessages] node_id=2434874171621193384
[92mINFO [0m:      [Fleet.PullMessages] node_id=11741127549788843760
[92mINFO [0m:      [Fleet.PullMessages] node_id=15262126792370938338
[92mINFO [0m:      [Fleet.PullMessages] node_id=2434874171621193384
[92mINFO [0m:      [Fleet.PullMessages] node_id=4154389164809950881
[92mINFO [0m:      [Fleet.PullMessages] node_id=11741127549788843760
[92mINFO [0m:      [Fleet.PullMessages] node_id=15262126792370938338
[92mINFO [0m:      [Fleet.PullMessages] node_id=4154389164809950881
[92mINFO [0m:      [Fleet.PullMessages] node_id=2434874171621193384
[92mINFO [0m:      [Fleet.PullMessages] node_id=11741127549788843760
[92mINFO [0m:      [Fleet.PullMessages] node_id=15262126792370938338
[92mINFO [0m:      [Fleet.PullMessages] node_id=4154389164809950881
[92mINFO [0m:      [Fleet.PullMessages] node_id=2434874171621193384
[92mINFO [0m:      [Fleet.PullMessages] node_id=15262126792370938338
[92mINFO [0m:      [Fleet.PullMessages] node_id=11741127549788843760
[92mINFO [0m:      [Fleet.PullMessages] node_id=4154389164809950881
[92mINFO [0m:      [Fleet.PullMessages] node_id=2434874171621193384
[92mINFO [0m:      [Fleet.PullMessages] node_id=15262126792370938338
[92mINFO [0m:      [Fleet.PullMessages] node_id=11741127549788843760
[92mINFO [0m:      [Fleet.PullMessages] node_id=2434874171621193384
[92mINFO [0m:      [Fleet.PullMessages] node_id=4154389164809950881
[92mINFO [0m:      [Fleet.PullMessages] node_id=11741127549788843760
[92mINFO [0m:      [Fleet.PullMessages] node_id=15262126792370938338
[92mINFO [0m:      [Fleet.PullMessages] node_id=4154389164809950881
[92mINFO [0m:      [Fleet.PullMessages] node_id=2434874171621193384
[92mINFO [0m:      [Fleet.PullMessages] node_id=11741127549788843760
[92mINFO [0m:      [Fleet.PullMessages] node_id=15262126792370938338
[92mINFO [0m:      [Fleet.PullMessages] node_id=4154389164809950881
[92mINFO [0m:      [Fleet.PullMessages] node_id=2434874171621193384
[92mINFO [0m:      [Fleet.PullMessages] node_id=15262126792370938338
[92mINFO [0m:      [Fleet.PullMessages] node_id=11741127549788843760
[92mINFO [0m:      [Fleet.PullMessages] node_id=2434874171621193384
[92mINFO [0m:      [Fleet.PullMessages] node_id=4154389164809950881
[92mINFO [0m:      [Fleet.PullMessages] node_id=11741127549788843760
[92mINFO [0m:      [Fleet.PullMessages] node_id=15262126792370938338
[92mINFO [0m:      [Fleet.PullMessages] node_id=2434874171621193384
[92mINFO [0m:      [Fleet.PullMessages] node_id=4154389164809950881
[92mINFO [0m:      [Fleet.PullMessages] node_id=11741127549788843760
[92mINFO [0m:      [Fleet.PullMessages] node_id=15262126792370938338
[92mINFO [0m:      [Fleet.PullMessages] node_id=4154389164809950881
[92mINFO [0m:      [Fleet.PullMessages] node_id=2434874171621193384
[92mINFO [0m:      [Fleet.PullMessages] node_id=11741127549788843760
[92mINFO [0m:      [Fleet.PullMessages] node_id=15262126792370938338
[92mINFO [0m:      [Fleet.PullMessages] node_id=4154389164809950881
[92mINFO [0m:      [Fleet.PullMessages] node_id=2434874171621193384
[92mINFO [0m:      [Fleet.PullMessages] node_id=11741127549788843760
[92mINFO [0m:      [Fleet.PullMessages] node_id=15262126792370938338
[92mINFO [0m:      [Fleet.PullMessages] node_id=2434874171621193384
[92mINFO [0m:      [Fleet.PullMessages] node_id=4154389164809950881
[92mINFO [0m:      [Fleet.PullMessages] node_id=15262126792370938338
[92mINFO [0m:      [Fleet.PullMessages] node_id=11741127549788843760
[92mINFO [0m:      [Fleet.PullMessages] node_id=4154389164809950881
[92mINFO [0m:      [Fleet.PullMessages] node_id=2434874171621193384
[92mINFO [0m:      [Fleet.PullMessages] node_id=11741127549788843760
[92mINFO [0m:      [Fleet.PullMessages] node_id=15262126792370938338
[92mINFO [0m:      [Fleet.PullMessages] node_id=2434874171621193384
[92mINFO [0m:      [Fleet.PullMessages] node_id=4154389164809950881
[92mINFO [0m:      [Fleet.PullMessages] node_id=11741127549788843760
[92mINFO [0m:      [Fleet.PullMessages] node_id=15262126792370938338
[92mINFO [0m:      [Fleet.PullMessages] node_id=4154389164809950881
[92mINFO [0m:      [Fleet.PullMessages] node_id=2434874171621193384
[92mINFO [0m:      [Fleet.PullMessages] node_id=11741127549788843760
[92mINFO [0m:      [Fleet.PullMessages] node_id=15262126792370938338
[92mINFO [0m:      [Fleet.PullMessages] node_id=4154389164809950881
[92mINFO [0m:      [Fleet.PullMessages] node_id=2434874171621193384
[92mINFO [0m:      [Fleet.PullMessages] node_id=11741127549788843760
[92mINFO [0m:      [Fleet.PullMessages] node_id=15262126792370938338
[92mINFO [0m:      [Fleet.PullMessages] node_id=4154389164809950881
[92mINFO [0m:      [Fleet.PullMessages] node_id=2434874171621193384
[92mINFO [0m:      [Fleet.PullMessages] node_id=11741127549788843760
[92mINFO [0m:      [Fleet.PullMessages] node_id=15262126792370938338
[92mINFO [0m:      [Fleet.PullMessages] node_id=2434874171621193384
[92mINFO [0m:      [Fleet.PullMessages] node_id=4154389164809950881
[92mINFO [0m:      [Fleet.PullMessages] node_id=11741127549788843760
[92mINFO [0m:      [Fleet.PullMessages] node_id=15262126792370938338
[92mINFO [0m:      ControlServicer.StreamLogs
[92mINFO [0m:      [Fleet.PullMessages] node_id=4154389164809950881
[92mINFO [0m:      [Fleet.PullMessages] node_id=2434874171621193384
[92mINFO [0m:      [Fleet.PullMessages] node_id=15262126792370938338
[92mINFO [0m:      [Fleet.PullMessages] node_id=11741127549788843760
[92mINFO [0m:      [Fleet.PullMessages] node_id=2434874171621193384
[92mINFO [0m:      [Fleet.PullMessages] node_id=4154389164809950881
[92mINFO [0m:      [Fleet.PullMessages] node_id=11741127549788843760
[92mINFO [0m:      [Fleet.PullMessages] node_id=15262126792370938338
[92mINFO [0m:      [Fleet.PullMessages] node_id=4154389164809950881
[92mINFO [0m:      [Fleet.PullMessages] node_id=2434874171621193384
[92mINFO [0m:      [Fleet.PullMessages] node_id=15262126792370938338
[92mINFO [0m:      [Fleet.PullMessages] node_id=11741127549788843760
[92mINFO [0m:      [Fleet.PullMessages] node_id=4154389164809950881
[92mINFO [0m:      [Fleet.PullMessages] node_id=2434874171621193384
[92mINFO [0m:      [Fleet.PullMessages] node_id=15262126792370938338
[92mINFO [0m:      [Fleet.PullMessages] node_id=11741127549788843760
[92mINFO [0m:      [Fleet.PullMessages] node_id=4154389164809950881
[92mINFO [0m:      [Fleet.PullMessages] node_id=2434874171621193384
[92mINFO [0m:      [Fleet.PullMessages] node_id=15262126792370938338
[92mINFO [0m:      [Fleet.PullMessages] node_id=11741127549788843760
[92mINFO [0m:      [Fleet.PullMessages] node_id=4154389164809950881
[92mINFO [0m:      [Fleet.PullMessages] node_id=2434874171621193384
[92mINFO [0m:      [Fleet.PullMessages] node_id=11741127549788843760
[92mINFO [0m:      [Fleet.PullMessages] node_id=15262126792370938338
[92mINFO [0m:      [Fleet.PullMessages] node_id=4154389164809950881
[92mINFO [0m:      [Fleet.PullMessages] node_id=2434874171621193384
[92mINFO [0m:      [Fleet.PullMessages] node_id=11741127549788843760
[92mINFO [0m:      [Fleet.PullMessages] node_id=15262126792370938338
[92mINFO [0m:      [Fleet.PullMessages] node_id=4154389164809950881
[92mINFO [0m:      [Fleet.PullMessages] node_id=2434874171621193384
[92mINFO [0m:      [Fleet.PullMessages] node_id=15262126792370938338
[92mINFO [0m:      [Fleet.PullMessages] node_id=11741127549788843760
[92mINFO [0m:      [Fleet.PullMessages] node_id=2434874171621193384
[92mINFO [0m:      [Fleet.PullMessages] node_id=4154389164809950881
[92mINFO [0m:      [Fleet.PullMessages] node_id=15262126792370938338
[92mINFO [0m:      [Fleet.PullMessages] node_id=11741127549788843760
[92mINFO [0m:      [Fleet.PullMessages] node_id=4154389164809950881
[92mINFO [0m:      [Fleet.PullMessages] node_id=2434874171621193384
[92mINFO [0m:      [Fleet.PullMessages] node_id=15262126792370938338
[92mINFO [0m:      [Fleet.PullMessages] node_id=11741127549788843760
[92mINFO [0m:      SuperLink terminated gracefully.
I0929 14:44:02.169798 12146882 fork_posix.cc:71] Other threads are currently calling into gRPC, skipping fork() handlers
I0929 14:44:02.173911 12146923 ev_poll_posix.cc:587] FD from fork parent still in poll list: fd(29, generation: 1)
I0929 14:44:02.173973 12146923 ev_poll_posix.cc:587] FD from fork parent still in poll list: fd(22, generation: 1)
I0929 14:44:02.173979 12146923 ev_poll_posix.cc:587] FD from fork parent still in poll list: fd(16, generation: 1)
I0929 14:44:02.173983 12146923 ev_poll_posix.cc:587] FD from fork parent still in poll list: fd(9, generation: 1)
[92mINFO [0m:      SuperExec terminated gracefully.
[92mINFO [0m:      SuperExec terminated gracefully.
